Gene,ORF
AJO98539,YAL067C
AJO98540,YAL065C
AJO98541,YAL064W-B
AJO98542,YAL062W
AJO98543,YAL061W
AJO98544,YAL060W
AJO98545,YAL059W
AJO98546,YAL058W
AJO98547,YAL056W
AJO98548,YAL055W
AJO98549,YAL054C
AJO98550,YAL053W
AJO98551,YAL051W
AJO98552,YAL049C
AJO98553,YAL048C
AJO98554,YAL047C
AJO98555,YAL046C
AJO98556,YAL044W-A
AJO98557,YAL044C
AJO98558,YAL043C
AJO98559,YAL042W
AJO98560,YAL041W
AJO98561,YAL040C
AJO98562,YAL039C
AJO98563,YAL038W
AJO98564,YAL036C
AJO98565,YAL035W
AJO98566,YAL034W-A
AJO98567,YAL034C
AJO98568,YAL033W
AJO98569,YAL031C
AJO98570,YAL030W
AJO98571,YAL029C
AJO98572,YAL028W
AJO98573,YAL027W
AJO98574,YAL026C
AJO98575,YAL025C
AJO98576,YAL024C
AJO98577,YAL023C
AJO98578,YAL022C
AJO98579,YAL021C
AJO98580,YAL020C
AJO98581,YAL019W
AJO98582,YAL018C
AJO98583,YAL017W
AJO98584,YAL016W
AJO98585,YAL015C
AJO98586,YAL014C
AJO98587,YAL013W
AJO98588,YAL012W
AJO98589,YAL011W
AJO98590,YAL010C
AJO98591,YAL009W
AJO98592,YAL008W
AJO98593,YAL007C
AJO98594,YAL005C
AJO98595,YAL003W
AJO98596,YAL002W
AJO98597,YAL001C
AJO98598,YAR002W
AJO98599,YAR002C-A
AJO98600,YAR003W
AJO98601,YAR007C
AJO98602,YAR008W
AJO98603,YAR014C
AJO98604,YAR015W
AJO98605,YAR018C
AJO98606,YAR019C
AJO98607,YAR023C
AJO98608,YAR033W
AJO98609,YAR035W
AJO98610,YAR042W
AJO98613,YAR071W
AJP89534,YBL107C
AJP89535,YBL106C
AJP89536,YBL105C
AJP89537,YBL104C
AJP89538,YBL103C
AJP89539,YBL102W
AJP89540,YBL101C
AJP89542,YBL099W
AJP89543,YBL098W
AJP89544,YBL097W
AJP89545,YBL095W
AJP89546,YBL093C
AJP89547,YBL092W
AJP89548,YBL091C-A
AJP89549,YBL091C
AJP89550,YBL090W
AJP89551,YBL089W
AJP89552,YBL088C
AJP89553,YBL087C
AJP89554,YBL086C
AJP89555,YBL085W
AJP89556,YBL084C
AJP89557,YBL082C
AJP89558,YBL081W
AJP89559,YBL080C
AJP89560,YBL079W
AJP89561,YBL078C
AJP89562,YBL076C
AJP89563,YBL075C
AJP89564,YBL074C
AJP89565,YBL072C
AJP89567,YBL071W-A
AJP89568,YBL069W
AJP89569,YBL068W
AJP89570,YBL067C
AJP89571,YBL066C
AJP89572,YBL064C
AJP89573,YBL063W
AJP89574,YBL061C
AJP89575,YBL060W
AJP89576,YBL059C-A
AJP89577,YBL059W
AJP89578,YBL058W
AJP89579,YBL057C
AJP89580,YBL056W
AJP89581,YBL055C
AJP89582,YBL054W
AJP89583,YBL052C
AJP89584,YBL051C
AJP89585,YBL050W
AJP89586,YBL049W
AJP89587,YBL047C
AJP89588,YBL046W
AJP89589,YBL045C
AJP89590,YBL043W
AJP89591,YBL042C
AJP89592,YBL041W
AJP89593,YBL040C
AJP89594,YBL039W-B
AJP89595,YBL039C
AJP89596,YBL038W
AJP89597,YBL037W
AJP89598,YBL036C
AJP89599,YBL035C
AJP89600,YBL034C
AJP89601,YBL033C
AJP89602,YBL032W
AJP89603,YBL031W
AJP89604,YBL030C
AJP89605,YBL029C-A
AJP89606,YBL029W
AJP89607,YBL028C
AJP89608,YBL027W
AJP89609,YBL026W
AJP89610,YBL025W
AJP89611,YBL024W
AJP89612,YBL023C
AJP89613,YBL022C
AJP89614,YBL021C
AJP89615,YBL020W
AJP89616,YBL019W
AJP89617,YBL018C
AJP89618,YBL017C
AJP89619,YBL016W
AJP89620,YBL015W
AJP89621,YBL004W
AJP89622,YBL003C
AJP89623,YBL002W
AJP89624,YBL001C
AJP89625,YBR001C
AJP89626,YBR002C
AJP89627,YBR003W
AJP89628,YBR004C
AJP89629,YBR005W
AJP89630,YBR006W
AJP89631,YBR007C
AJP89632,YBR008C
AJP89633,YBR009C
AJP89634,YBR010W
AJP89635,YBR011C
AJP89636,YBR014C
AJP89637,YBR015C
AJP89638,YBR016W
AJP89639,YBR017C
AJP89640,YBR018C
AJP89641,YBR019C
AJP89642,YBR020W
AJP89643,YBR021W
AJP89644,YBR022W
AJP89645,YBR023C
AJP89646,YBR024W
AJP89647,YBR025C
AJP89648,YBR026C
AJP89649,YBR028C
AJP89650,YBR029C
AJP89651,YBR030W
AJP89652,YBR031W
AJP89653,YBR033W
AJP89654,YBR034C
AJP89655,YBR035C
AJP89656,YBR036C
AJP89657,YBR037C
AJP89658,YBR038W
AJP89659,YBR039W
AJP89660,YBR040W
AJP89661,YBR041W
AJP89662,YBR042C
AJP89663,YBR043C
AJP89664,YBR044C
AJP89665,YBR045C
AJP89666,YBR046C
AJP89667,YBR047W
AJP89668,YBR048W
AJP89669,YBR049C
AJP89670,YBR050C
AJP89671,YBR052C
AJP89672,YBR053C
AJP89673,YBR054W
AJP89674,YBR055C
AJP89675,YBR056W
AJP89677,YBR057C
AJP89678,YBR058C
AJP89679,YBR058C-A
AJP89680,YBR059C
AJP89681,YBR060C
AJP89682,YBR061C
AJP89683,YBR062C
AJP89684,YBR063C
AJP89685,YBR065C
AJP89686,YBR066C
AJP89687,YBR067C
AJP89688,YBR068C
AJP89689,YBR069C
AJP89690,YBR070C
AJP89691,YBR071W
AJP89692,YBR072W
AJP89693,YBR073W
AJP89694,YBR074W
AJP89695,YBR076W
AJP89696,YBR077C
AJP89697,YBR078W
AJP89698,YBR079C
AJP89699,YBR080C
AJP89700,YBR081C
AJP89701,YBR082C
AJP89702,YBR083W
AJP89703,YBR084W
AJP89704,YBR084C-A
AJP89705,YBR085W
AJP89706,YBR085C-A
AJP89707,YBR086C
AJP89708,YBR087W
AJP89709,YBR088C
AJP89710,YBR089C-A
AJP89711,YBR091C
AJP89712,YBR092C
AJP89713,YBR093C
AJP89714,YBR094W
AJP89715,YBR095C
AJP89716,YBR096W
AJP89717,YBR097W
AJP89718,YBR098W
AJP89719,YBR101C
AJP89720,YBR102C
AJP89721,YBR103W
AJP89722,YBR104W
AJP89723,YBR105C
AJP89724,YBR106W
AJP89725,YBR107C
AJP89726,YBR108W
AJP89727,YBR109C
AJP89728,YBR110W
AJP89729,YBR111C
AJP89730,YBR111W-A
AJP89731,YBR112C
AJP89732,YBR114W
AJP89733,YBR115C
AJP89734,YBR117C
AJP89735,YBR118W
AJP89736,YBR119W
AJP89737,YBR120C
AJP89738,YBR121C
AJP89739,YBR122C
AJP89740,YBR123C
AJP89741,YBR125C
AJP89742,YBR126C
AJP89744,YBR127C
AJP89745,YBR128C
AJP89746,YBR129C
AJP89747,YBR130C
AJP89748,YBR131W
AJP89749,YBR132C
AJP89750,YBR133C
AJP89751,YBR135W
AJP89752,YBR136W
AJP89753,YBR137W
AJP89754,YBR138C
AJP89755,YBR139W
AJP89756,YBR140C
AJP89757,YBR141C
AJP89758,YBR142W
AJP89759,YBR143C
AJP89760,YBR145W
AJP89761,YBR146W
AJP89762,YBR147W
AJP89763,YBR148W
AJP89764,YBR149W
AJP89765,YBR150C
AJP89766,YBR151W
AJP89767,YBR152W
AJP89768,YBR153W
AJP89769,YBR154C
AJP89770,YBR155W
AJP89771,YBR156C
AJP89772,YBR157C
AJP89773,YBR158W
AJP89774,YBR159W
AJP89775,YBR160W
AJP89776,YBR161W
AJP89777,YBR162C
AJP89779,YBR163W
AJP89780,YBR164C
AJP89781,YBR165W
AJP89782,YBR166C
AJP89783,YBR167C
AJP89784,YBR168W
AJP89785,YBR169C
AJP89786,YBR170C
AJP89787,YBR171W
AJP89788,YBR172C
AJP89789,YBR173C
AJP89790,YBR175W
AJP89791,YBR176W
AJP89792,YBR177C
AJP89793,YBR179C
AJP89794,YBR180W
AJP89795,YBR181C
AJP89796,YBR182C
AJP89797,YBR183W
AJP89798,YBR184W
AJP89799,YBR185C
AJP89800,YBR186W
AJP89801,YBR187W
AJP89802,YBR188C
AJP89803,YBR189W
AJP89804,YBR191W
AJP89805,YBR192W
AJP89806,YBR193C
AJP89807,YBR194W
AJP89808,YBR195C
AJP89809,YBR196C
AJP89812,YBR197C
AJP89813,YBR198C
AJP89814,YBR199W
AJP89815,YBR200W
AJP89816,YBR201W
AJP89817,YBR201C-A
AJP89818,YBR202W
AJP89819,YBR203W
AJP89820,YBR204C
AJP89821,YBR205W
AJP89822,YBR207W
AJP89823,YBR208C
AJP89824,YBR210W
AJP89825,YBR211C
AJP89826,YBR212W
AJP89827,YBR213W
AJP89828,YBR214W
AJP89829,YBR215W
AJP89830,YBR216C
AJP89831,YBR217W
AJP89832,YBR218C
AJP89833,YBR220C
AJP89834,YBR221C
AJP89836,YBR222C
AJP89837,YBR223C
AJP89838,YBR225W
AJP89839,YBR227C
AJP89840,YBR228W
AJP89841,YBR229C
AJP89844,YBR231C
AJP89845,YBR233W
AJP89846,YBR233W-A
AJP89847,YBR234C
AJP89848,YBR235W
AJP89849,YBR236C
AJP89850,YBR237W
AJP89851,YBR238C
AJP89852,YBR239C
AJP89853,YBR240C
AJP89854,YBR241C
AJP89855,YBR242W
AJP89856,YBR243C
AJP89857,YBR244W
AJP89858,YBR245C
AJP89859,YBR246W
AJP89860,YBR247C
AJP89861,YBR248C
AJP89862,YBR249C
AJP89863,YBR250W
AJP89864,YBR251W
AJP89865,YBR252W
AJP89866,YBR253W
AJP89867,YBR254C
AJP89868,YBR255W
AJP89869,YBR255C-A
AJP89870,YBR256C
AJP89871,YBR257W
AJP89872,YBR258C
AJP89873,YBR259W
AJP89874,YBR260C
AJP89875,YBR261C
AJP89876,YBR262C
AJP89877,YBR263W
AJP89878,YBR264C
AJP89879,YBR265W
AJP89880,YBR267W
AJP89881,YBR268W
AJP89882,YBR269C
AJP89883,YBR270C
AJP89884,YBR271W
AJP89885,YBR273C
AJP89886,YBR274W
AJP89887,YBR275C
AJP89888,YBR276C
AJP89889,YBR278W
AJP89890,YBR279W
AJP89891,YBR280C
AJP89892,YBR281C
AJP89893,YBR282W
AJP89894,YBR283C
AJP89895,YBR284W
AJP89896,YBR285W
AJP89897,YBR286W
AJP89898,YBR287W
AJP89899,YBR288C
AJP89900,YBR289W
AJP89901,YBR290W
AJP89902,YBR291C
AJP89903,YBR293W
AJP89904,YBR294W
AJP89905,YBR296C
AJP89907,YBR297W
AJQ42905,YCL073C
AJQ42906,YCL068C
AJQ42907,YCL067C
AJQ42908,YCL066W
AJQ42909,YCL064C
AJQ42910,YCL063W
AJQ42911,YCL061C
AJQ42912,YCL059C
AJQ42914,YCL058W-A
AJQ42915,YCL057C-A
AJQ42916,YCL057W
AJQ42917,YCL056C
AJQ42918,YCL055W
AJQ42919,YCL054W
AJQ42920,YCL052C
AJQ42921,YCL051W
AJQ42922,YCL050C
AJQ42923,YCL049C
AJQ42925,YCL048W
AJQ42926,YCL047C
AJQ42927,YCL045C
AJQ42928,YCL044C
AJQ42929,YCL043C
AJQ42930,YCL040W
AJQ42931,YCL039W
AJQ42932,YCL038C
AJQ42933,YCL037C
AJQ42934,YCL036W
AJQ42935,YCL035C
AJQ42936,YCL034W
AJQ42937,YCL033C
AJQ42938,YCL032W
AJQ42939,YCL031C
AJQ42940,YCL030C
AJQ42941,YCL029C
AJQ42942,YCL028W
AJQ42943,YCL027W
AJQ42944,YCL026C-B
AJQ42945,YCL026C-A
AJQ42946,YCL025C
AJQ42947,YCL024W
AJQ42948,YCL021W-A
AJQ42949,YCL018W
AJQ42950,YCL017C
AJQ42951,YCL016C
AJQ42952,YCL014W
AJQ42953,YCL012C
AJQ42954,YCL011C
AJQ42955,YCL010C
AJQ42956,YCL009C
AJQ42957,YCL008C
AJQ42958,YCL005W-A
AJQ42959,YCL005W
AJQ42960,YCL004W
AJQ42961,YCL002C
AJQ42962,YCL001W
AJQ42964,YCL001W-B
AJQ42965,YCR002C
AJQ42966,YCR003W
AJQ42967,YCR004C
AJQ42968,YCR005C
AJQ42969,YCR007C
AJQ42970,YCR008W
AJQ42971,YCR009C
AJQ42972,YCR010C
AJQ42973,YCR011C
AJQ42974,YCR012W
AJQ42975,YCR014C
AJQ42976,YCR015C
AJQ42977,YCR016W
AJQ42978,YCR017C
AJQ42979,YCR018C
AJQ42980,YCR019W
AJQ42981,YCR020C
AJQ42982,YCR020C-A
AJQ42983,YCR020W-B
AJQ42984,YCR021C
AJQ42985,YCR023C
AJQ42986,YCR024C
AJQ42987,YCR024C-A
AJQ42988,YCR026C
AJQ42989,YCR027C
AJQ42990,YCR028C
AJQ42991,YCR028C-A
AJQ42992,YCR030C
AJQ42993,YCR031C
AJQ42994,YCR032W
AJQ42995,YCR033W
AJQ42996,YCR034W
AJQ42997,YCR035C
AJQ42998,YCR036W
AJQ42999,YCR037C
AJQ43000,YCR038C
AJQ43001,YCR039C
AJQ43002,YCR040W
AJQ43003,YCR042C
AJQ43004,YCR043C
AJQ43005,YCR044C
AJQ43006,YCR045C
AJQ43007,YCR046C
AJQ43008,YCR047C
AJQ43009,YCR048W
AJQ43010,YCR051W
AJQ43011,YCR052W
AJQ43012,YCR053W
AJQ43013,YCR054C
AJQ43014,YCR057C
AJQ43015,YCR059C
AJQ43016,YCR060W
AJQ43017,YCR061W
AJQ43018,YCR063W
AJQ43019,YCR065W
AJQ43020,YCR066W
AJQ43021,YCR067C
AJQ43022,YCR068W
AJQ43023,YCR069W
AJQ43024,YCR071C
AJQ43025,YCR072C
AJQ43026,YCR073W-A
AJQ43027,YCR075C
AJQ43028,YCR075W-A
AJQ43029,YCR076C
AJQ43030,YCR077C
AJQ43031,YCR079W
AJQ43032,YCR081W
AJQ43033,YCR082W
AJQ43034,YCR083W
AJQ43035,YCR084C
AJQ43036,YCR086W
AJQ43037,YCR087C-A
AJQ43038,YCR088W
AJQ43039,YCR089W
AJQ43040,YCR090C
AJQ43041,YCR091W
AJQ43042,YCR092C
AJQ43043,YCR093W
AJQ43044,YCR094W
AJQ43045,YCR095C
AJQ43047,YCR096C
AJQ43048,YCR097W
AJQ43049,YCR098C
AJR53204,YIL166C
AJR53205,YIL165C
AJR53206,YIL162W
AJR53207,YIL161W
AJR53208,YIL160C
AJR53209,YIL159W
AJR53210,YIL158W
AJR53211,YIL157C
AJR53212,YIL156W-B
AJR53213,YIL156W
AJR53214,YIL155C
AJR53215,YIL154C
AJR53216,YIL153W
AJR53217,YIL151C
AJR53218,YIL150C
AJR53219,YIL149C
AJR53220,YIL148W
AJR53221,YIL147C
AJR53222,YIL146C
AJR53223,YIL145C
AJR53224,YIL144W
AJR53225,YIL143C
AJR53226,YIL142W
AJR53227,YIL140W
AJR53228,YIL139C
AJR53229,YIL138C
AJR53230,YIL137C
AJR53231,YIL136W
AJR53232,YIL135C
AJR53234,YIL134W
AJR53235,YIL133C
AJR53236,YIL132C
AJR53237,YIL131C
AJR53238,YIL130W
AJR53239,YIL129C
AJR53240,YIL128W
AJR53241,YIL127C
AJR53242,YIL126W
AJR53243,YIL125W
AJR53244,YIL124W
AJR53245,YIL123W
AJR53246,YIL122W
AJR53247,YIL120W
AJR53248,YIL119C
AJR53249,YIL118W
AJR53250,YIL117C
AJR53251,YIL116W
AJR53252,YIL115C
AJR53253,YIL114C
AJR53254,YIL113W
AJR53255,YIL112W
AJR53256,YIL109C
AJR53257,YIL108W
AJR53258,YIL107C
AJR53259,YIL106W
AJR53260,YIL105C
AJR53262,YIL104C
AJR53263,YIL103W
AJR53264,YIL102C-A
AJR53266,YIL101C
AJR53267,YIL099W
AJR53268,YIL098C
AJR53269,YIL097W
AJR53270,YIL096C
AJR53271,YIL095W
AJR53272,YIL094C
AJR53273,YIL093C
AJR53274,YIL092W
AJR53275,YIL091C
AJR53276,YIL090W
AJR53277,YIL089W
AJR53278,YIL088C
AJR53279,YIL087C
AJR53280,YIL085C
AJR53281,YIL084C
AJR53282,YIL083C
AJR53283,YIL079C
AJR53284,YIL078W
AJR53285,YIL077C
AJR53286,YIL076W
AJR53287,YIL075C
AJR53288,YIL074C
AJR53289,YIL073C
AJR53290,YIL072W
AJR53291,YIL071C
AJR53292,YIL070C
AJR53293,YIL069C
AJR53294,YIL068C
AJR53295,YIL067C
AJR53296,YIL066C
AJR53297,YIL065C
AJR53298,YIL064W
AJR53299,YIL063C
AJR53300,YIL062C
AJR53301,YIL061C
AJR53302,YIL057C
AJR53303,YIL056W
AJR53304,YIL055C
AJR53306,YIL053W
AJR53307,YIL052C
AJR53308,YIL051C
AJR53309,YIL050W
AJR53310,YIL049W
AJR53311,YIL048W
AJR53312,YIL047C
AJR53313,YIL046W
AJR53314,YIL045W
AJR53315,YIL044C
AJR53316,YIL043C
AJR53317,YIL042C
AJR53318,YIL041W
AJR53319,YIL040W
AJR53320,YIL039W
AJR53321,YIL038C
AJR53322,YIL037C
AJR53323,YIL036W
AJR53324,YIL035C
AJR53325,YIL034C
AJR53326,YIL033C
AJR53327,YIL031W
AJR53328,YIL030C
AJR53329,YIL027C
AJR53330,YIL026C
AJR53331,YIL024C
AJR53332,YIL023C
AJR53333,YIL022W
AJR53334,YIL021W
AJR53335,YIL020C
AJR53336,YIL019W
AJR53337,YIL014W
AJR53338,YIL013C
AJR53339,YIL011W
AJR53340,YIL010W
AJR53341,YIL009C-A
AJR53342,YIL009W
AJR53343,YIL008W
AJR53344,YIL007C
AJR53345,YIL006W
AJR53346,YIL005W
AJR53347,YIL004C
AJR53348,YIL003W
AJR53349,YIL002W-A
AJR53350,YIL002C
AJR53351,YIL001W
AJR53352,YIR001C
AJR53353,YIR002C
AJR53354,YIR003W
AJR53355,YIR004W
AJR53356,YIR005W
AJR53357,YIR006C
AJR53358,YIR007W
AJR53359,YIR008C
AJR53360,YIR009W
AJR53361,YIR010W
AJR53362,YIR011C
AJR53363,YIR012W
AJR53364,YIR013C
AJR53365,YIR014W
AJR53366,YIR015W
AJR53367,YIR016W
AJR53368,YIR018W
AJR53370,YIR021W
AJR53372,YIR022W
AJR53373,YIR023W
AJR53374,YIR025W
AJR53375,YIR026C
AJR53376,YIR027C
AJR53377,YIR028W
AJR53378,YIR029W
AJR53379,YIR030C
AJR53380,YIR031C
AJR53381,YIR032C
AJR53382,YIR033W
AJR53383,YIR034C
AJR53384,YIR035C
AJR53385,YIR036C
AJR53386,YIR037W
AJR53387,YIR038C
AJR53388,YIR039C
AJR53389,YIR041W
AJR53390,YIR042C
AJR74549,YJL219W
AJR74550,YJL217W
AJR74551,YJL216C
AJR74552,YJL213W
AJR74553,YJL212C
AJR74554,YJL210W
AJR74555,YJL209W
AJR74556,YJL208C
AJR74557,YJL207C
AJR74558,YJL206C
AJR74559,YJL205C
AJR74560,YJL204C
AJR74561,YJL203W
AJR74562,YJL201W
AJR74563,YJL200C
AJR74564,YJL198W
AJR74565,YJL197W
AJR74566,YJL196C
AJR74567,YJL194W
AJR74568,YJL193W
AJR74569,YJL192C
AJR74570,YJL191W
AJR74571,YJL190C
AJR74572,YJL189W
AJR74573,YJL187C
AJR74574,YJL186W
AJR74575,YJL185C
AJR74576,YJL184W
AJR74577,YJL183W
AJR74578,YJL181W
AJR74579,YJL180C
AJR74580,YJL179W
AJR74581,YJL178C
AJR74582,YJL177W
AJR74583,YJL176C
AJR74584,YJL174W
AJR74585,YJL173C
AJR74586,YJL172W
AJR74587,YJL171C
AJR74588,YJL170C
AJR74589,YJL168C
AJR74590,YJL167W
AJR74591,YJL166W
AJR74593,YJL164C
AJR74594,YJL163C
AJR74595,YJL162C
AJR74596,YJL161W
AJR74597,YJL160C
AJR74598,YJL159W
AJR74599,YJL158C
AJR74600,YJL157C
AJR74601,YJL156C
AJR74602,YJL155C
AJR74603,YJL154C
AJR74604,YJL153C
AJR74605,YJL151C
AJR74606,YJL149W
AJR74607,YJL148W
AJR74608,YJL147C
AJR74609,YJL146W
AJR74610,YJL145W
AJR74611,YJL144W
AJR74612,YJL143W
AJR74613,YJL141C
AJR74614,YJL140W
AJR74615,YJL139C
AJR74616,YJL138C
AJR74617,YJL137C
AJR74619,YJL136C
AJR74620,YJL134W
AJR74621,YJL133C-A
AJR74622,YJL133W
AJR74623,YJL132W
AJR74624,YJL131C
AJR74625,YJL130C
AJR74626,YJL129C
AJR74627,YJL128C
AJR74628,YJL127C-B
AJR74629,YJL127C
AJR74630,YJL126W
AJR74631,YJL125C
AJR74632,YJL124C
AJR74633,YJL123C
AJR74634,YJL122W
AJR74635,YJL121C
AJR74637,YJL117W
AJR74638,YJL116C
AJR74639,YJL115W
AJR74640,YJL112W
AJR74641,YJL111W
AJR74642,YJL110C
AJR74643,YJL109C
AJR74644,YJL108C
AJR74645,YJL106W
AJR74646,YJL105W
AJR74647,YJL104W
AJR74648,YJL103C
AJR74649,YJL102W
AJR74650,YJL101C
AJR74651,YJL100W
AJR74652,YJL099W
AJR74653,YJL098W
AJR74654,YJL097W
AJR74655,YJL096W
AJR74656,YJL095W
AJR74657,YJL094C
AJR74658,YJL093C
AJR74659,YJL092W
AJR74660,YJL091C
AJR74661,YJL090C
AJR74662,YJL089W
AJR74663,YJL088W
AJR74664,YJL087C
AJR74665,YJL085W
AJR74666,YJL084C
AJR74667,YJL083W
AJR74668,YJL082W
AJR74669,YJL081C
AJR74670,YJL080C
AJR74671,YJL079C
AJR74672,YJL078C
AJR74675,YJL076W
AJR74676,YJL074C
AJR74677,YJL073W
AJR74678,YJL072C
AJR74679,YJL071W
AJR74680,YJL070C
AJR74681,YJL069C
AJR74682,YJL068C
AJR74683,YJL066C
AJR74684,YJL065C
AJR74685,YJL063C
AJR74686,YJL062W-A
AJR74687,YJL062W
AJR74688,YJL061W
AJR74689,YJL060W
AJR74690,YJL059W
AJR74691,YJL058C
AJR74692,YJL057C
AJR74693,YJL056C
AJR74694,YJL055W
AJR74695,YJL054W
AJR74696,YJL053W
AJR74698,YJL052W
AJR74699,YJL051W
AJR74700,YJL050W
AJR74701,YJL049W
AJR74702,YJL048C
AJR74704,YJL047C
AJR74705,YJL046W
AJR74706,YJL045W
AJR74707,YJL044C
AJR74708,YJL043W
AJR74709,YJL042W
AJR74710,YJL041W
AJR74711,YJL039C
AJR74712,YJL038C
AJR74713,YJL037W
AJR74714,YJL036W
AJR74715,YJL035C
AJR74716,YJL034W
AJR74717,YJL033W
AJR74718,YJL031C
AJR74719,YJL030W
AJR74720,YJL029C
AJR74722,YJL026W
AJR74723,YJL025W
AJR74724,YJL024C
AJR74725,YJL023C
AJR74726,YJL020C
AJR74727,YJL019W
AJR74728,YJL016W
AJR74729,YJL014W
AJR74730,YJL013C
AJR74731,YJL012C
AJR74732,YJL011C
AJR74733,YJL010C
AJR74734,YJL008C
AJR74735,YJL006C
AJR74736,YJL005W
AJR74737,YJL004C
AJR74738,YJL003W
AJR74739,YJL002C
AJR74740,YJL001W
AJR74741,YJR001W
AJR74742,YJR002W
AJR74743,YJR003C
AJR74744,YJR004C
AJR74745,YJR005W
AJR74746,YJR005C-A
AJR74747,YJR006W
AJR74748,YJR007W
AJR74749,YJR008W
AJR74750,YJR009C
AJR74751,YJR010W
AJR74752,YJR010C-A
AJR74753,YJR011C
AJR74754,YJR012C
AJR74755,YJR013W
AJR74756,YJR014W
AJR74757,YJR016C
AJR74758,YJR017C
AJR74759,YJR019C
AJR74760,YJR021C
AJR74761,YJR022W
AJR74762,YJR024C
AJR74763,YJR025C
AJR74764,YJR031C
AJR74765,YJR032W
AJR74766,YJR033C
AJR74767,YJR034W
AJR74768,YJR035W
AJR74769,YJR036C
AJR74770,YJR039W
AJR74771,YJR040W
AJR74772,YJR041C
AJR74773,YJR042W
AJR74774,YJR043C
AJR74775,YJR044C
AJR74776,YJR045C
AJR74777,YJR046W
AJR74778,YJR047C
AJR74779,YJR048W
AJR74780,YJR049C
AJR74781,YJR050W
AJR74782,YJR051W
AJR74783,YJR052W
AJR74784,YJR053W
AJR74785,YJR054W
AJR74786,YJR056C
AJR74787,YJR057W
AJR74788,YJR058C
AJR74789,YJR059W
AJR74790,YJR060W
AJR74791,YJR061W
AJR74792,YJR062C
AJR74793,YJR063W
AJR74794,YJR064W
AJR74795,YJR065C
AJR74796,YJR066W
AJR74797,YJR067C
AJR74798,YJR068W
AJR74799,YJR069C
AJR74800,YJR070C
AJR74801,YJR072C
AJR74802,YJR073C
AJR74803,YJR074W
AJR74804,YJR075W
AJR74805,YJR076C
AJR74806,YJR077C
AJR74807,YJR078W
AJR74808,YJR080C
AJR74809,YJR082C
AJR74810,YJR083C
AJR74811,YJR084W
AJR74812,YJR085C
AJR74813,YJR086W
AJR74814,YJR088C
AJR74815,YJR089W
AJR74816,YJR090C
AJR74817,YJR091C
AJR74818,YJR092W
AJR74819,YJR093C
AJR74820,YJR094C
AJR74821,YJR094W-A
AJR74822,YJR095W
AJR74823,YJR096W
AJR74824,YJR097W
AJR74825,YJR098C
AJR74826,YJR099W
AJR74827,YJR100C
AJR74828,YJR101W
AJR74829,YJR102C
AJR74830,YJR103W
AJR74831,YJR104C
AJR74832,YJR105W
AJR74833,YJR106W
AJR74835,YJR109C
AJR74836,YJR110W
AJR74837,YJR111C
AJR74838,YJR112W
AJR74839,YJR112W-A
AJR74840,YJR113C
AJR74841,YJR116W
AJR74842,YJR117W
AJR74843,YJR118C
AJR74844,YJR119C
AJR74846,YJR121W
AJR74847,YJR122W
AJR74848,YJR123W
AJR74849,YJR124C
AJR74850,YJR125C
AJR74851,YJR129C
AJR74852,YJR130C
AJR74853,YJR131W
AJR74854,YJR132W
AJR74855,YJR133W
AJR74856,YJR134C
AJR74857,YJR135C
AJR74858,YJR135W-A
AJR74859,YJR136C
AJR74860,YJR137C
AJR74861,YJR138W
AJR74862,YJR139C
AJR74863,YJR140C
AJR74864,YJR141W
AJR74865,YJR142W
AJR74866,YJR143C
AJR74867,YJR144W
AJR74868,YJR145C
AJR74869,YJR147W
AJR74870,YJR148W
AJR74871,YJR150C
AJR74872,YJR151C
AJR74873,YJR152W
AJR74874,YJR153W
AJR74875,YJR154W
AJR74876,YJR155W
AJR74877,YJR159W
AJR74878,YJR160C
AJR74879,YJL222W
AJR74880,YJL222W
AJR74882,YJR156C
AJS07452,YGL263W
AJS07453,YGL262W
AJS07454,YGL258W
AJS07455,YGL257C
AJS07456,YGL256W
AJS07457,YGL255W
AJS07458,YGL254W
AJS07459,YGL253W
AJS07460,YGL252C
AJS07461,YGL251C
AJS07462,YGL250W
AJS07463,YGL249W
AJS07464,YGL248W
AJS07465,YGL247W
AJS07466,YGL246C
AJS07467,YGL245W
AJS07468,YGL244W
AJS07469,YGL243W
AJS07470,YGL242C
AJS07471,YGL241W
AJS07472,YGL240W
AJS07473,YGL238W
AJS07474,YGL237C
AJS07475,YGL236C
AJS07476,YGL235W
AJS07477,YGL234W
AJS07478,YGL233W
AJS07479,YGL232W
AJS07480,YGL231C
AJS07481,YGL230C
AJS07482,YGL229C
AJS07483,YGL228W
AJS07484,YGL227W
AJS07485,YGL226C-A
AJS07486,YGL226W
AJS07487,YGL225W
AJS07488,YGL224C
AJS07489,YGL223C
AJS07490,YGL222C
AJS07491,YGL221C
AJS07492,YGL220W
AJS07493,YGL219C
AJS07494,YGL216W
AJS07495,YGL215W
AJS07496,YGL213C
AJS07497,YGL212W
AJS07498,YGL211W
AJS07499,YGL210W
AJS07500,YGL209W
AJS07501,YGL208W
AJS07502,YGL207W
AJS07503,YGL206C
AJS07504,YGL205W
AJS07505,YGL204C
AJS07506,YGL203C
AJS07507,YGL202W
AJS07508,YGL201C
AJS07509,YGL200C
AJS07510,YGL198W
AJS07511,YGL197W
AJS07512,YGL196W
AJS07513,YGL195W
AJS07514,YGL194C-A
AJS07515,YGL194C
AJS07516,YGL192W
AJS07517,YGL191W
AJS07518,YGL190C
AJS07519,YGL189C
AJS07521,YGL187C
AJS07522,YGL186C
AJS07523,YGL185C
AJS07524,YGL184C
AJS07525,YGL183C
AJS07526,YGL181W
AJS07527,YGL180W
AJS07528,YGL179C
AJS07529,YGL178W
AJS07530,YGL176C
AJS07531,YGL175C
AJS07532,YGL174W
AJS07533,YGL173C
AJS07534,YGL172W
AJS07535,YGL171W
AJS07536,YGL170C
AJS07537,YGL169W
AJS07539,YGL167C
AJS07540,YGL166W
AJS07541,YGL164C
AJS07542,YGL163C
AJS07543,YGL162W
AJS07544,YGL161C
AJS07545,YGL160W
AJS07546,YGL159W
AJS07547,YGL157W
AJS07548,YGL156W
AJS07549,YGL155W
AJS07550,YGL154C
AJS07551,YGL153W
AJS07552,YGL151W
AJS07553,YGL150C
AJS07554,YGL148W
AJS07555,YGL147C
AJS07556,YGL146C
AJS07557,YGL145W
AJS07558,YGL144C
AJS07559,YGL143C
AJS07560,YGL142C
AJS07561,YGL141W
AJS07562,YGL140C
AJS07563,YGL139W
AJS07564,YGL138C
AJS07565,YGL137W
AJS07566,YGL136C
AJS07567,YGL135W
AJS07568,YGL134W
AJS07569,YGL133W
AJS07570,YGL131C
AJS07571,YGL130W
AJS07572,YGL129C
AJS07573,YGL128C
AJS07574,YGL127C
AJS07575,YGL126W
AJS07576,YGL125W
AJS07577,YGL124C
AJS07578,YGL123W
AJS07579,YGL122C
AJS07580,YGL121C
AJS07581,YGL120C
AJS07582,YGL119W
AJS07583,YGL117W
AJS07584,YGL116W
AJS07585,YGL115W
AJS07586,YGL114W
AJS07587,YGL113W
AJS07588,YGL112C
AJS07589,YGL111W
AJS07590,YGL110C
AJS07591,YGL108C
AJS07592,YGL107C
AJS07593,YGL106W
AJS07594,YGL105W
AJS07595,YGL104C
AJS07596,YGL103W
AJS07597,YGL101W
AJS07598,YGL100W
AJS07599,YGL099W
AJS07600,YGL098W
AJS07601,YGL097W
AJS07602,YGL096W
AJS07603,YGL095C
AJS07604,YGL094C
AJS07605,YGL093W
AJS07606,YGL092W
AJS07607,YGL091C
AJS07608,YGL090W
AJS07609,YGL089C
AJS07610,YGL087C
AJS07611,YGL086W
AJS07612,YGL085W
AJS07613,YGL084C
AJS07614,YGL083W
AJS07615,YGL082W
AJS07616,YGL081W
AJS07617,YGL080W
AJS07618,YGL079W
AJS07619,YGL078C
AJS07620,YGL077C
AJS07621,YGL076C
AJS07622,YGL075C
AJS07623,YGL073W
AJS07624,YGL071W
AJS07625,YGL070C
AJS07626,YGL068W
AJS07627,YGL067W
AJS07628,YGL066W
AJS07629,YGL065C
AJS07630,YGL064C
AJS07631,YGL063W
AJS07632,YGL062W
AJS07633,YGL061C
AJS07634,YGL060W
AJS07635,YGL059W
AJS07636,YGL058W
AJS07637,YGL057C
AJS07638,YGL056C
AJS07639,YGL055W
AJS07640,YGL054C
AJS07641,YGL053W
AJS07642,YGL051W
AJS07643,YGL050W
AJS07644,YGL049C
AJS07645,YGL048C
AJS07646,YGL047W
AJS07647,YGL045W
AJS07648,YGL044C
AJS07649,YGL043W
AJS07650,YGL041W-A
AJS07651,YGL040C
AJS07652,YGL039W
AJS07653,YGL038C
AJS07654,YGL037C
AJS07655,YGL036W
AJS07656,YGL035C
AJS07657,YGL033W
AJS07658,YGL032C
AJS07659,YGL031C
AJS07660,YGL030W
AJS07661,YGL029W
AJS07662,YGL028C
AJS07663,YGL027C
AJS07664,YGL026C
AJS07665,YGL025C
AJS07666,YGL023C
AJS07667,YGL022W
AJS07668,YGL021W
AJS07669,YGL020C
AJS07670,YGL019W
AJS07671,YGL018C
AJS07672,YGL017W
AJS07673,YGL016W
AJS07674,YGL015C
AJS07675,YGL014W
AJS07676,YGL013C
AJS07677,YGL012W
AJS07678,YGL011C
AJS07679,YGL010W
AJS07680,YGL009C
AJS07681,YGL008C
AJS07683,YGL006W
AJS07684,YGL005C
AJS07685,YGL004C
AJS07686,YGL003C
AJS07687,YGL002W
AJS07688,YGL001C
AJS07689,YGR001C
AJS07690,YGR002C
AJS07691,YGR003W
AJS07692,YGR004W
AJS07693,YGR005C
AJS07694,YGR006W
AJS07695,YGR007W
AJS07696,YGR008C
AJS07697,YGR009C
AJS07698,YGR010W
AJS07699,YGR012W
AJS07700,YGR013W
AJS07701,YGR014W
AJS07702,YGR015C
AJS07703,YGR016W
AJS07704,YGR017W
AJS07706,YGR019W
AJS07707,YGR020C
AJS07708,YGR021W
AJS07709,YGR023W
AJS07710,YGR024C
AJS07711,YGR026W
AJS07712,YGR027C
AJS07713,YGR028W
AJS07714,YGR029W
AJS07715,YGR030C
AJS07716,YGR031W
AJS07718,YGR032W
AJS07719,YGR033C
AJS07720,YGR034W
AJS07721,YGR035C
AJS07723,YGR036C
AJS07724,YGR037C
AJS07725,YGR038W
AJS07726,YGR040W
AJS07727,YGR041W
AJS07728,YGR042W
AJS07729,YGR043C
AJS07730,YGR044C
AJS07731,YGR046W
AJS07732,YGR047C
AJS07733,YGR048W
AJS07734,YGR049W
AJS07735,YGR052W
AJS07736,YGR053C
AJS07737,YGR054W
AJS07738,YGR055W
AJS07739,YGR056W
AJS07740,YGR057C
AJS07741,YGR058W
AJS07742,YGR059W
AJS07743,YGR060W
AJS07744,YGR061C
AJS07745,YGR062C
AJS07746,YGR063C
AJS07747,YGR065C
AJS07748,YGR066C
AJS07749,YGR067C
AJS07750,YGR068C
AJS07751,YGR070W
AJS07752,YGR071C
AJS07753,YGR072W
AJS07754,YGR074W
AJS07755,YGR075C
AJS07756,YGR076C
AJS07757,YGR077C
AJS07758,YGR078C
AJS07759,YGR079W
AJS07760,YGR080W
AJS07761,YGR081C
AJS07762,YGR082W
AJS07763,YGR083C
AJS07764,YGR084C
AJS07765,YGR086C
AJS07766,YGR087C
AJS07767,YGR088W
AJS07768,YGR089W
AJS07769,YGR090W
AJS07770,YGR091W
AJS07771,YGR092W
AJS07772,YGR093W
AJS07773,YGR094W
AJS07774,YGR095C
AJS07775,YGR096W
AJS07776,YGR097W
AJS07777,YGR098C
AJS07778,YGR099W
AJS07779,YGR100W
AJS07780,YGR101W
AJS07781,YGR102C
AJS07782,YGR103W
AJS07783,YGR104C
AJS07784,YGR105W
AJS07785,YGR106C
AJS07786,YGR108W
AJS07787,YGR109C
AJS07788,YGR110W
AJS07789,YGR111W
AJS07790,YGR112W
AJS07791,YGR113W
AJS07792,YGR116W
AJS07793,YGR117C
AJS07794,YGR118W
AJS07795,YGR119C
AJS07796,YGR120C
AJS07797,YGR121C
AJS07798,YGR122W
AJS07799,YGR123C
AJS07800,YGR124W
AJS07801,YGR125W
AJS07802,YGR126W
AJS07803,YGR127W
AJS07804,YGR128C
AJS07805,YGR129W
AJS07806,YGR130C
AJS07807,YGR131W
AJS07808,YGR132C
AJS07809,YGR133W
AJS07810,YGR134W
AJS07811,YGR135W
AJS07812,YGR136W
AJS07813,YGR138C
AJS07814,YGR141W
AJS07815,YGR142W
AJS07816,YGR143W
AJS07817,YGR145W
AJS07818,YGR146C
AJS07819,YGR147C
AJS07820,YGR148C
AJS07821,YGR149W
AJS07822,YGR150C
AJS07823,YGR152C
AJS07824,YGR153W
AJS07825,YGR154C
AJS07826,YGR155W
AJS07827,YGR156W
AJS07828,YGR157W
AJS07829,YGR158C
AJS07830,YGR159C
AJS07831,YGR161C
AJS07833,YGR162W
AJS07834,YGR163W
AJS07835,YGR165W
AJS07836,YGR166W
AJS07837,YGR167W
AJS07838,YGR168C
AJS07839,YGR169C
AJS07840,YGR169C-A
AJS07841,YGR170W
AJS07842,YGR171C
AJS07843,YGR172C
AJS07844,YGR173W
AJS07845,YGR174C
AJS07846,YGR175C
AJS07847,YGR177C
AJS07848,YGR178C
AJS07849,YGR179C
AJS07850,YGR180C
AJS07851,YGR181W
AJS07852,YGR183C
AJS07853,YGR184C
AJS07854,YGR185C
AJS07855,YGR186W
AJS07856,YGR187C
AJS07857,YGR188C
AJS07858,YGR189C
AJS07859,YGR191W
AJS07860,YGR192C
AJS07861,YGR193C
AJS07862,YGR194C
AJS07863,YGR195W
AJS07864,YGR196C
AJS07865,YGR197C
AJS07866,YGR198W
AJS07867,YGR199W
AJS07868,YGR200C
AJS07869,YGR201C
AJS07870,YGR202C
AJS07871,YGR203W
AJS07872,YGR204W
AJS07874,YGR205W
AJS07875,YGR206W
AJS07876,YGR207C
AJS07877,YGR208W
AJS07878,YGR209C
AJS07879,YGR210C
AJS07880,YGR211W
AJS07881,YGR212W
AJS07882,YGR213C
AJS07883,YGR214W
AJS07884,YGR215W
AJS07885,YGR216C
AJS07886,YGR217W
AJS07887,YGR218W
AJS07888,YGR220C
AJS07889,YGR221C
AJS07890,YGR222W
AJS07891,YGR223C
AJS07892,YGR224W
AJS07893,YGR225W
AJS07894,YGR227W
AJS07895,YGR229C
AJS07896,YGR230W
AJS07897,YGR231C
AJS07898,YGR232W
AJS07899,YGR233C
AJS07900,YGR234W
AJS07901,YGR235C
AJS07902,YGR236C
AJS07903,YGR237C
AJS07904,YGR238C
AJS07905,YGR239C
AJS07906,YGR240C
AJS07908,YGR241C
AJS07909,YGR243W
AJS07910,YGR244C
AJS07911,YGR245C
AJS07912,YGR246C
AJS07913,YGR247W
AJS07914,YGR248W
AJS07915,YGR249W
AJS07916,YGR250C
AJS07917,YGR251W
AJS07918,YGR252W
AJS07919,YGR253C
AJS07920,YGR254W
AJS07921,YGR255C
AJS07922,YGR256W
AJS07923,YGR257C
AJS07924,YGR258C
AJS07925,YGR260W
AJS07926,YGR261C
AJS07927,YGR262C
AJS07928,YGR263C
AJS07929,YGR264C
AJS07930,YGR266W
AJS07931,YGR268C
AJS07932,YGR270W
AJS07933,YGR271W
AJS07934,YGR271C-A
AJS07935,YGR273C
AJS07936,YGR274C
AJS07937,YGR275W
AJS07938,YGR276C
AJS07939,YGR277C
AJS07940,YGR278W
AJS07941,YGR279C
AJS07942,YGR280C
AJS07943,YGR281W
AJS07944,YGR282C
AJS07945,YGR283C
AJS07946,YGR284C
AJS07947,YGR285C
AJS07948,YGR286C
AJS07949,YGR288W
AJS07950,YGR289C
AJS07951,YGR294W
AJS07952,YGR295C
AJS07954,YGR287C
AJS55955,YKL224C
AJS55956,YKL222C
AJS55957,YKL221W
AJS55958,YKL220C
AJS55959,YKL219W
AJS55960,YKL218C
AJS55961,YKL217W
AJS55962,YKL216W
AJS55963,YKL215C
AJS55964,YKL214C
AJS55965,YKL213C
AJS55966,YKL212W
AJS55967,YKL211C
AJS55968,YKL210W
AJS55969,YKL209C
AJS55970,YKL208W
AJS55971,YKL207W
AJS55972,YKL206C
AJS55973,YKL205W
AJS55974,YKL204W
AJS55975,YKL203C
AJS55976,YKL201C
AJS55977,YKL198C
AJS55978,YKL197C
AJS55979,YKL196C
AJS55980,YKL195W
AJS55981,YKL194C
AJS55982,YKL193C
AJS55983,YKL192C
AJS55984,YKL191W
AJS55985,YKL190W
AJS55986,YKL189W
AJS55987,YKL188C
AJS55988,YKL187C
AJS55989,YKL186C
AJS55990,YKL185W
AJS55991,YKL184W
AJS55993,YKL183W
AJS55994,YKL182W
AJS55995,YKL181W
AJS55996,YKL180W
AJS55997,YKL179C
AJS55998,YKL178C
AJS55999,YKL176C
AJS56000,YKL175W
AJS56001,YKL174C
AJS56002,YKL173W
AJS56003,YKL172W
AJS56004,YKL171W
AJS56005,YKL170W
AJS56006,YKL168C
AJS56007,YKL167C
AJS56008,YKL166C
AJS56009,YKL165C
AJS56010,YKL164C
AJS56011,YKL163W
AJS56012,YKL162C
AJS56013,YKL160W
AJS56014,YKL159C
AJS56015,YKL157W
AJS56016,YKL156W
AJS56017,YKL155C
AJS56018,YKL154W
AJS56019,YKL152C
AJS56020,YKL151C
AJS56021,YKL150W
AJS56022,YKL149C
AJS56023,YKL148C
AJS56024,YKL146W
AJS56025,YKL145W
AJS56026,YKL144C
AJS56027,YKL143W
AJS56028,YKL142W
AJS56029,YKL141W
AJS56030,YKL140W
AJS56031,YKL139W
AJS56032,YKL138C-A
AJS56033,YKL138C
AJS56034,YKL137W
AJS56035,YKL135C
AJS56036,YKL134C
AJS56037,YKL133C
AJS56038,YKL132C
AJS56039,YKL130C
AJS56040,YKL129C
AJS56041,YKL128C
AJS56042,YKL127W
AJS56043,YKL126W
AJS56044,YKL125W
AJS56045,YKL124W
AJS56046,YKL122C
AJS56047,YKL121W
AJS56048,YKL120W
AJS56049,YKL119C
AJS56050,YKL117W
AJS56051,YKL116C
AJS56052,YKL114C
AJS56053,YKL113C
AJS56054,YKL112W
AJS56055,YKL110C
AJS56056,YKL109W
AJS56057,YKL108W
AJS56058,YKL107W
AJS56060,YKL106W
AJS56061,YKL105C
AJS56062,YKL104C
AJS56063,YKL103C
AJS56064,YKL101W
AJS56065,YKL100C
AJS56066,YKL099C
AJS56067,YKL098W
AJS56069,YKL096W
AJS56070,YKL095W
AJS56071,YKL094W
AJS56072,YKL093W
AJS56073,YKL092C
AJS56074,YKL091C
AJS56075,YKL090W
AJS56076,YKL089W
AJS56077,YKL088W
AJS56078,YKL087C
AJS56079,YKL086W
AJS56080,YKL085W
AJS56081,YKL084W
AJS56082,YKL082C
AJS56083,YKL081W
AJS56084,YKL080W
AJS56085,YKL079W
AJS56086,YKL078W
AJS56087,YKL077W
AJS56088,YKL075C
AJS56089,YKL074C
AJS56090,YKL073W
AJS56091,YKL072W
AJS56092,YKL071W
AJS56093,YKL069W
AJS56094,YKL068W-A
AJS56095,YKL068W
AJS56096,YKL067W
AJS56097,YKL065W-A
AJS56098,YKL065C
AJS56099,YKL064W
AJS56100,YKL063C
AJS56101,YKL062W
AJS56102,YKL061W
AJS56103,YKL060C
AJS56104,YKL059C
AJS56105,YKL058W
AJS56106,YKL057C
AJS56107,YKL056C
AJS56108,YKL055C
AJS56109,YKL054C
AJS56110,YKL053C-A
AJS56111,YKL052C
AJS56112,YKL051W
AJS56113,YKL050C
AJS56114,YKL049C
AJS56115,YKL048C
AJS56116,YKL047W
AJS56117,YKL046C
AJS56118,YKL045W
AJS56120,YKL043W
AJS56121,YKL042W
AJS56122,YKL041W
AJS56123,YKL040C
AJS56124,YKL039W
AJS56125,YKL038W
AJS56127,YKL035W
AJS56128,YKL034W
AJS56129,YKL033W-A
AJS56130,YKL033W
AJS56131,YKL032C
AJS56132,YKL029C
AJS56133,YKL028W
AJS56134,YKL027W
AJS56135,YKL026C
AJS56136,YKL025C
AJS56137,YKL024C
AJS56138,YKL023C-A
AJS56139,YKL023W
AJS56140,YKL022C
AJS56141,YKL021C
AJS56142,YKL020C
AJS56143,YKL019W
AJS56144,YKL018C-A
AJS56145,YKL018W
AJS56146,YKL017C
AJS56147,YKL016C
AJS56148,YKL015W
AJS56149,YKL014C
AJS56150,YKL013C
AJS56151,YKL012W
AJS56152,YKL011C
AJS56153,YKL010C
AJS56154,YKL009W
AJS56155,YKL008C
AJS56156,YKL007W
AJS56157,YKL006C-A
AJS56158,YKL006W
AJS56159,YKL005C
AJS56160,YKL004W
AJS56161,YKL003C
AJS56162,YKL002W
AJS56163,YKL001C
AJS56164,YKR001C
AJS56165,YKR002W
AJS56166,YKR003W
AJS56167,YKR004C
AJS56168,YKR005C
AJS56169,YKR006C
AJS56170,YKR007W
AJS56171,YKR008W
AJS56172,YKR009C
AJS56173,YKR010C
AJS56174,YKR011C
AJS56175,YKR013W
AJS56176,YKR014C
AJS56177,YKR015C
AJS56178,YKR017C
AJS56179,YKR018C
AJS56180,YKR019C
AJS56181,YKR020W
AJS56182,YKR021W
AJS56183,YKR022C
AJS56184,YKR023W
AJS56185,YKR024C
AJS56186,YKR025W
AJS56187,YKR026C
AJS56188,YKR027W
AJS56189,YKR028W
AJS56190,YKR029C
AJS56191,YKR030W
AJS56192,YKR031C
AJS56193,YKR034W
AJS56194,YKR035W-A
AJS56195,YKR036C
AJS56196,YKR037C
AJS56197,YKR038C
AJS56198,YKR039W
AJS56199,YKR042W
AJS56200,YKR043C
AJS56201,YKR044W
AJS56202,YKR045C
AJS56203,YKR046C
AJS56204,YKR048C
AJS56205,YKR049C
AJS56206,YKR050W
AJS56207,YKR051W
AJS56208,YKR052C
AJS56209,YKR053C
AJS56210,YKR054C
AJS56211,YKR055W
AJS56212,YKR057W
AJS56213,YKR058W
AJS56214,YKR059W
AJS56215,YKR060W
AJS56216,YKR061W
AJS56217,YKR062W
AJS56218,YKR063C
AJS56219,YKR064W
AJS56220,YKR065C
AJS56221,YKR066C
AJS56222,YKR067W
AJS56223,YKR068C
AJS56224,YKR070W
AJS56225,YKR071C
AJS56226,YKR072C
AJS56227,YKR074W
AJS56228,YKR075C
AJS56229,YKR076W
AJS56230,YKR077W
AJS56231,YKR078W
AJS56232,YKR079C
AJS56233,YKR080W
AJS56234,YKR081C
AJS56235,YKR082W
AJS56236,YKR083C
AJS56237,YKR084C
AJS56238,YKR085C
AJS56239,YKR086W
AJS56240,YKR087C
AJS56241,YKR088C
AJS56242,YKR089C
AJS56243,YKR090W
AJS56244,YKR091W
AJS56245,YKR092C
AJS56246,YKR093W
AJS56247,YKR094C
AJS56248,YKR095W
AJS56249,YKR095W-A
AJS56250,YKR096W
AJS56251,YKR097W
AJS56252,YKR098C
AJS56253,YKR099W
AJS56254,YKR100C
AJS56255,YKR101W
AJS99699,YML132W
AJS99700,YML131W
AJS99701,YML130C
AJS99702,YML129C
AJS99703,YML128C
AJS99704,YML127W
AJS99705,YML126C
AJS99706,YML125C
AJS99707,YML124C
AJS99708,YML123C
AJS99709,YML121W
AJS99710,YML120C
AJS99711,YML119W
AJS99712,YML117W
AJS99713,YML116W
AJS99714,YML115C
AJS99715,YML114C
AJS99716,YML113W
AJS99717,YML112W
AJS99718,YML111W
AJS99719,YML110C
AJS99720,YML109W
AJS99721,YML108W
AJS99722,YML107C
AJS99723,YML106W
AJS99724,YML105C
AJS99725,YML104C
AJS99726,YML103C
AJS99727,YML102W
AJS99728,YML101C
AJS99729,YML100W
AJS99730,YML099C
AJS99731,YML098W
AJS99732,YML097C
AJS99733,YML096W
AJS99734,YML095C
AJS99735,YML094W
AJS99736,YML093W
AJS99737,YML092C
AJS99738,YML091C
AJS99739,YML088W
AJS99740,YML087C
AJS99741,YML086C
AJS99742,YML085C
AJS99743,YML083C
AJS99744,YML082W
AJS99745,YML081C-A
AJS99746,YML081W
AJS99747,YML080W
AJS99748,YML079W
AJS99749,YML078W
AJS99750,YML077W
AJS99751,YML076C
AJS99752,YML075C
AJS99753,YML074C
AJS99754,YML073C
AJS99755,YML072C
AJS99756,YML071C
AJS99757,YML070W
AJS99758,YML069W
AJS99759,YML068W
AJS99760,YML067C
AJS99761,YML066C
AJS99762,YML065W
AJS99763,YML064C
AJS99764,YML063W
AJS99765,YML062C
AJS99766,YML061C
AJS99767,YML060W
AJS99768,YML059C
AJS99769,YML058W-A
AJS99770,YML058W
AJS99771,YML057W
AJS99772,YML056C
AJS99773,YML055W
AJS99774,YML054C
AJS99776,YML053C
AJS99777,YML052W
AJS99778,YML051W
AJS99779,YML050W
AJS99780,YML049C
AJS99781,YML048W
AJS99782,YML047C
AJS99783,YML046W
AJS99784,YML043C
AJS99785,YML042W
AJS99786,YML041C
AJS99787,YML038C
AJS99788,YML037C
AJS99789,YML036W
AJS99790,YML035C
AJS99791,YML034W
AJS99792,YML032C
AJS99793,YML031W
AJS99794,YML030W
AJS99795,YML029W
AJS99796,YML028W
AJS99797,YML027W
AJS99798,YML026C
AJS99799,YML025C
AJS99801,YML023C
AJS99802,YML022W
AJS99803,YML021C
AJS99804,YML020W
AJS99805,YML019W
AJS99806,YML018C
AJS99807,YML017W
AJS99808,YML016C
AJS99809,YML015C
AJS99810,YML014W
AJS99811,YML013W
AJS99812,YML012W
AJS99813,YML011C
AJS99814,YML010W
AJS99815,YML009C
AJS99816,YML008C
AJS99818,YML007W
AJS99819,YML006C
AJS99820,YML005W
AJS99821,YML004C
AJS99822,YML002W
AJS99823,YML001W
AJS99824,YMR001C
AJS99826,YMR002W
AJS99827,YMR003W
AJS99828,YMR004W
AJS99829,YMR005W
AJS99830,YMR006C
AJS99831,YMR008C
AJS99832,YMR009W
AJS99833,YMR010W
AJS99834,YMR011W
AJS99835,YMR012W
AJS99836,YMR013C
AJS99837,YMR014W
AJS99838,YMR015C
AJS99839,YMR016C
AJS99840,YMR017W
AJS99841,YMR018W
AJS99842,YMR020W
AJS99843,YMR021C
AJS99844,YMR022W
AJS99845,YMR023C
AJS99846,YMR024W
AJS99847,YMR025W
AJS99848,YMR026C
AJS99849,YMR027W
AJS99850,YMR028W
AJS99851,YMR029C
AJS99852,YMR030W
AJS99853,YMR031C
AJS99854,YMR032W
AJS99855,YMR033W
AJS99856,YMR034C
AJS99857,YMR035W
AJS99858,YMR036C
AJS99859,YMR037C
AJS99860,YMR038C
AJS99861,YMR039C
AJS99862,YMR040W
AJS99863,YMR041C
AJS99864,YMR042W
AJS99865,YMR043W
AJS99866,YMR044W
AJS99867,YMR047C
AJS99868,YMR048W
AJS99869,YMR049C
AJS99870,YMR052W
AJS99871,YMR053C
AJS99872,YMR054W
AJS99873,YMR055C
AJS99874,YMR056C
AJS99875,YMR058W
AJS99876,YMR059W
AJS99877,YMR060C
AJS99878,YMR061W
AJS99879,YMR062C
AJS99880,YMR063W
AJS99881,YMR064W
AJS99882,YMR065W
AJS99883,YMR066W
AJS99884,YMR067C
AJS99885,YMR068W
AJS99886,YMR069W
AJS99887,YMR070W
AJS99888,YMR071C
AJS99889,YMR072W
AJS99890,YMR073C
AJS99891,YMR074C
AJS99892,YMR075W
AJS99893,YMR076C
AJS99894,YMR077C
AJS99895,YMR078C
AJS99896,YMR079W
AJS99897,YMR080C
AJS99898,YMR081C
AJS99899,YMR083W
AJS99900,YMR085W
AJS99901,YMR086W
AJS99902,YMR087W
AJS99903,YMR088C
AJS99904,YMR089C
AJS99905,YMR090W
AJS99906,YMR091C
AJS99907,YMR092C
AJS99908,YMR093W
AJS99909,YMR094W
AJS99910,YMR095C
AJS99911,YMR096W
AJS99912,YMR097C
AJS99913,YMR098C
AJS99914,YMR099C
AJS99915,YMR100W
AJS99916,YMR101C
AJS99917,YMR102C
AJS99918,YMR104C
AJS99919,YMR105C
AJS99921,YMR106C
AJS99922,YMR107W
AJS99923,YMR108W
AJS99924,YMR109W
AJS99925,YMR110C
AJS99926,YMR111C
AJS99927,YMR112C
AJS99928,YMR113W
AJS99929,YMR114C
AJS99930,YMR115W
AJS99931,YMR116C
AJS99932,YMR117C
AJS99933,YMR118C
AJS99934,YMR119W
AJS99935,YMR120C
AJS99936,YMR121C
AJS99937,YMR123W
AJS99938,YMR124W
AJS99939,YMR125W
AJS99940,YMR126C
AJS99941,YMR127C
AJS99942,YMR128W
AJS99943,YMR129W
AJS99944,YMR130W
AJS99945,YMR131C
AJS99946,YMR132C
AJS99947,YMR133W
AJS99948,YMR134W
AJS99949,YMR135C
AJS99950,YMR136W
AJS99951,YMR137C
AJS99952,YMR138W
AJS99953,YMR139W
AJS99954,YMR140W
AJS99955,YMR142C
AJS99956,YMR143W
AJS99957,YMR144W
AJS99958,YMR145C
AJS99959,YMR146C
AJS99960,YMR147W
AJS99961,YMR148W
AJS99962,YMR149W
AJS99963,YMR150C
AJS99964,YMR152W
AJS99965,YMR153W
AJS99966,YMR154C
AJS99967,YMR155W
AJS99968,YMR156C
AJS99969,YMR157C
AJS99970,YMR158W
AJS99971,YMR159C
AJS99972,YMR160W
AJS99973,YMR161W
AJS99974,YMR162C
AJS99975,YMR163C
AJS99976,YMR164C
AJS99977,YMR165C
AJS99978,YMR166C
AJS99979,YMR167W
AJS99980,YMR168C
AJS99981,YMR169C
AJS99982,YMR170C
AJS99983,YMR171C
AJS99984,YMR172W
AJS99985,YMR174C
AJS99987,YMR176W
AJS99988,YMR177W
AJS99989,YMR178W
AJS99990,YMR179W
AJS99991,YMR180C
AJS99992,YMR181C
AJS99993,YMR182C
AJS99995,YMR183C
AJS99996,YMR184W
AJS99997,YMR185W
AJS99998,YMR186W
AJS99999,YMR187C
AJT00001,YMR188C
AJT00002,YMR189W
AJT00003,YMR190C
AJT00004,YMR191W
AJT00005,YMR192W
AJT00006,YMR193W
AJT00007,YMR194W
AJT00008,YMR194C-B
AJT00009,YMR195W
AJT00010,YMR196W
AJT00011,YMR197C
AJT00012,YMR198W
AJT00013,YMR199W
AJT00014,YMR200W
AJT00015,YMR201C
AJT00016,YMR202W
AJT00017,YMR203W
AJT00018,YMR204C
AJT00019,YMR205C
AJT00020,YMR206W
AJT00021,YMR207C
AJT00022,YMR208W
AJT00023,YMR209C
AJT00024,YMR210W
AJT00025,YMR211W
AJT00026,YMR212C
AJT00027,YMR213W
AJT00028,YMR214W
AJT00029,YMR215W
AJT00030,YMR216C
AJT00031,YMR217W
AJT00032,YMR218C
AJT00033,YMR219W
AJT00034,YMR220W
AJT00035,YMR221C
AJT00036,YMR222C
AJT00037,YMR223W
AJT00038,YMR224C
AJT00039,YMR225C
AJT00040,YMR226C
AJT00041,YMR227C
AJT00042,YMR228W
AJT00043,YMR229C
AJT00044,YMR230W
AJT00046,YMR231W
AJT00047,YMR232W
AJT00048,YMR234W
AJT00049,YMR235C
AJT00050,YMR236W
AJT00051,YMR237W
AJT00052,YMR238W
AJT00053,YMR239C
AJT00054,YMR240C
AJT00055,YMR241W
AJT00056,YMR242C
AJT00058,YMR243C
AJT00059,YMR244W
AJT00060,YMR244C-A
AJT00061,YMR246W
AJT00062,YMR247C
AJT00064,YMR250W
AJT00065,YMR251W
AJT00067,YMR252C
AJT00068,YMR253C
AJT00069,YMR255W
AJT00070,YMR256C
AJT00071,YMR257C
AJT00072,YMR258C
AJT00073,YMR259C
AJT00074,YMR260C
AJT00075,YMR261C
AJT00076,YMR262W
AJT00077,YMR263W
AJT00078,YMR264W
AJT00079,YMR265C
AJT00080,YMR266W
AJT00081,YMR267W
AJT00082,YMR268C
AJT00083,YMR269W
AJT00084,YMR270C
AJT00085,YMR271C
AJT00086,YMR272C
AJT00088,YMR273C
AJT00089,YMR274C
AJT00090,YMR275C
AJT00091,YMR276W
AJT00092,YMR277W
AJT00093,YMR278W
AJT00094,YMR279C
AJT00095,YMR280C
AJT00096,YMR281W
AJT00097,YMR282C
AJT00098,YMR283C
AJT00099,YMR284W
AJT00100,YMR285C
AJT00101,YMR286W
AJT00102,YMR287C
AJT00103,YMR288W
AJT00104,YMR289W
AJT00105,YMR290C
AJT00106,YMR291W
AJT00107,YMR292W
AJT00108,YMR293C
AJT00109,YMR294W
AJT00110,YMR295C
AJT00111,YMR296C
AJT00112,YMR297W
AJT00113,YMR298W
AJT00114,YMR299C
AJT00115,YMR300C
AJT00116,YMR301C
AJT00117,YMR302C
AJT00118,YMR303C
AJT00119,YMR304W
AJT00120,YMR305C
AJT00121,YMR306W
AJT00122,YMR307W
AJT00123,YMR308C
AJT00124,YMR309C
AJT00125,YMR310C
AJT00126,YMR311C
AJT00127,YMR312W
AJT00128,YMR313C
AJT00129,YMR314W
AJT00130,YMR315W
AJT00132,YMR316W
AJT00133,YMR317W
AJT00134,YMR318C
AJT00135,YMR319C
AJT00136,YMR323W
AJT00138,YMR173W
AJT33480,YNL335W
AJT33481,YNL334C
AJT33482,YNL333W
AJT33483,YNL331C
AJT33484,YNL330C
AJT33485,YNL329C
AJT33486,YNL328C
AJT33487,YNL327W
AJT33488,YNL326C
AJT33489,YNL325C
AJT33490,YNL323W
AJT33491,YNL322C
AJT33492,YNL321W
AJT33493,YNL320W
AJT33494,YNL318C
AJT33495,YNL317W
AJT33496,YNL316C
AJT33497,YNL315C
AJT33498,YNL314W
AJT33499,YNL313C
AJT33500,YNL312W
AJT33501,YNL311C
AJT33502,YNL310C
AJT33503,YNL309W
AJT33504,YNL308C
AJT33505,YNL307C
AJT33506,YNL306W
AJT33507,YNL305C
AJT33508,YNL304W
AJT33509,YNL302C
AJT33510,YNL301C
AJT33512,YNL299W
AJT33513,YNL298W
AJT33514,YNL297C
AJT33515,YNL295W
AJT33516,YNL294C
AJT33517,YNL293W
AJT33518,YNL292W
AJT33519,YNL291C
AJT33520,YNL290W
AJT33521,YNL289W
AJT33522,YNL288W
AJT33523,YNL287W
AJT33524,YNL286W
AJT33525,YNL284C
AJT33526,YNL283C
AJT33527,YNL282W
AJT33528,YNL281W
AJT33529,YNL280C
AJT33530,YNL279W
AJT33531,YNL278W
AJT33532,YNL277W
AJT33533,YNL275W
AJT33534,YNL274C
AJT33535,YNL273W
AJT33536,YNL272C
AJT33537,YNL271C
AJT33538,YNL270C
AJT33539,YNL268W
AJT33540,YNL267W
AJT33541,YNL265C
AJT33542,YNL264C
AJT33543,YNL263C
AJT33544,YNL262W
AJT33545,YNL261W
AJT33546,YNL259C
AJT33547,YNL258C
AJT33548,YNL257C
AJT33549,YNL256W
AJT33550,YNL255C
AJT33551,YNL254C
AJT33552,YNL253W
AJT33553,YNL252C
AJT33554,YNL251C
AJT33555,YNL250W
AJT33556,YNL248C
AJT33557,YNL247W
AJT33558,YNL246W
AJT33559,YNL245C
AJT33560,YNL244C
AJT33561,YNL243W
AJT33562,YNL242W
AJT33563,YNL241C
AJT33564,YNL240C
AJT33565,YNL239W
AJT33566,YNL238W
AJT33567,YNL237W
AJT33568,YNL236W
AJT33569,YNL234W
AJT33570,YNL233W
AJT33571,YNL232W
AJT33572,YNL231C
AJT33573,YNL230C
AJT33574,YNL229C
AJT33575,YNL227C
AJT33576,YNL225C
AJT33577,YNL224C
AJT33578,YNL223W
AJT33579,YNL222W
AJT33580,YNL221C
AJT33581,YNL220W
AJT33582,YNL219C
AJT33583,YNL218W
AJT33584,YNL217W
AJT33585,YNL216W
AJT33586,YNL215W
AJT33587,YNL214W
AJT33588,YNL213C
AJT33589,YNL212W
AJT33590,YNL211C
AJT33591,YNL210W
AJT33592,YNL209W
AJT33593,YNL208W
AJT33594,YNL207W
AJT33595,YNL206C
AJT33596,YNL204C
AJT33597,YNL202W
AJT33598,YNL201C
AJT33599,YNL200C
AJT33600,YNL199C
AJT33601,YNL197C
AJT33602,YNL196C
AJT33603,YNL195C
AJT33604,YNL193W
AJT33605,YNL192W
AJT33606,YNL191W
AJT33607,YNL190W
AJT33608,YNL189W
AJT33610,YNL187W
AJT33611,YNL186W
AJT33612,YNL185C
AJT33613,YNL183C
AJT33614,YNL182C
AJT33615,YNL181W
AJT33616,YNL180C
AJT33617,YNL178W
AJT33618,YNL177C
AJT33619,YNL176C
AJT33620,YNL175C
AJT33621,YNL173C
AJT33622,YNL172W
AJT33623,YNL169C
AJT33624,YNL168C
AJT33625,YNL167C
AJT33626,YNL166C
AJT33627,YNL165W
AJT33628,YNL164C
AJT33629,YNL163C
AJT33630,YNL162W-A
AJT33631,YNL162W
AJT33632,YNL161W
AJT33633,YNL160W
AJT33634,YNL159C
AJT33635,YNL158W
AJT33636,YNL157W
AJT33637,YNL156C
AJT33638,YNL155W
AJT33639,YNL154C
AJT33640,YNL153C
AJT33641,YNL152W
AJT33642,YNL151C
AJT33643,YNL149C
AJT33644,YNL148C
AJT33645,YNL147W
AJT33648,YNL145W
AJT33649,YNL144C
AJT33650,YNL142W
AJT33651,YNL141W
AJT33653,YNL139C
AJT33654,YNL138W-A
AJT33655,YNL138W
AJT33656,YNL137C
AJT33657,YNL136W
AJT33658,YNL135C
AJT33659,YNL134C
AJT33660,YNL133C
AJT33661,YNL132W
AJT33662,YNL131W
AJT33663,YNL130C
AJT33665,YNL129W
AJT33666,YNL128W
AJT33667,YNL127W
AJT33668,YNL126W
AJT33669,YNL125C
AJT33670,YNL124W
AJT33671,YNL123W
AJT33672,YNL122C
AJT33673,YNL121C
AJT33674,YNL119W
AJT33675,YNL118C
AJT33676,YNL117W
AJT33677,YNL116W
AJT33678,YNL115C
AJT33679,YNL113W
AJT33680,YNL112W
AJT33681,YNL111C
AJT33682,YNL110C
AJT33683,YNL108C
AJT33684,YNL107W
AJT33685,YNL106C
AJT33686,YNL104C
AJT33687,YNL103W
AJT33688,YNL102W
AJT33689,YNL101W
AJT33690,YNL100W
AJT33691,YNL099C
AJT33692,YNL098C
AJT33694,YNL097C
AJT33695,YNL096C
AJT33696,YNL095C
AJT33697,YNL094W
AJT33698,YNL093W
AJT33699,YNL092W
AJT33700,YNL091W
AJT33701,YNL090W
AJT33702,YNL088W
AJT33703,YNL087W
AJT33704,YNL086W
AJT33705,YNL085W
AJT33706,YNL084C
AJT33707,YNL082W
AJT33708,YNL081C
AJT33709,YNL080C
AJT33710,YNL079C
AJT33711,YNL078W
AJT33712,YNL077W
AJT33713,YNL076W
AJT33714,YNL075W
AJT33715,YNL074C
AJT33716,YNL073W
AJT33717,YNL072W
AJT33718,YNL071W
AJT33719,YNL070W
AJT33720,YNL069C
AJT33721,YNL067W
AJT33722,YNL066W
AJT33723,YNL064C
AJT33724,YNL063W
AJT33725,YNL062C
AJT33726,YNL061W
AJT33727,YNL059C
AJT33728,YNL058C
AJT33729,YNL056W
AJT33730,YNL055C
AJT33731,YNL054W
AJT33732,YNL053W
AJT33733,YNL052W
AJT33734,YNL051W
AJT33735,YNL050C
AJT33736,YNL049C
AJT33737,YNL048W
AJT33738,YNL047C
AJT33739,YNL046W
AJT33740,YNL045W
AJT33741,YNL044W
AJT33743,YNL042W
AJT33744,YNL041C
AJT33745,YNL040W
AJT33746,YNL039W
AJT33747,YNL038W
AJT33748,YNL037C
AJT33749,YNL036W
AJT33750,YNL035C
AJT33751,YNL034W
AJT33752,YNL033W
AJT33753,YNL032W
AJT33754,YNL031C
AJT33755,YNL030W
AJT33756,YNL029C
AJT33757,YNL027W
AJT33758,YNL026W
AJT33759,YNL025C
AJT33760,YNL024C-A
AJT33761,YNL024C
AJT33762,YNL023C
AJT33763,YNL022C
AJT33764,YNL021W
AJT33765,YNL020C
AJT33766,YNL019C
AJT33767,YNL016W
AJT33768,YNL015W
AJT33769,YNL014W
AJT33770,YNL012W
AJT33771,YNL011C
AJT33772,YNL010W
AJT33773,YNL009W
AJT33774,YNL008C
AJT33775,YNL007C
AJT33776,YNL006W
AJT33777,YNL005C
AJT33778,YNL004W
AJT33779,YNL003C
AJT33780,YNL002C
AJT33781,YNL001W
AJT33782,YNR001C
AJT33783,YNR002C
AJT33784,YNR003C
AJT33785,YNR004W
AJT33786,YNR006W
AJT33787,YNR007C
AJT33788,YNR008W
AJT33789,YNR009W
AJT33790,YNR010W
AJT33791,YNR011C
AJT33792,YNR012W
AJT33793,YNR013C
AJT33794,YNR014W
AJT33795,YNR015W
AJT33796,YNR016C
AJT33797,YNR017W
AJT33798,YNR018W
AJT33799,YNR019W
AJT33800,YNR021W
AJT33801,YNR022C
AJT33802,YNR023W
AJT33803,YNR024W
AJT33804,YNR026C
AJT33805,YNR027W
AJT33806,YNR028W
AJT33807,YNR029C
AJT33808,YNR030W
AJT33809,YNR031C
AJT33810,YNR032W
AJT33811,YNR032C-A
AJT33812,YNR033W
AJT33813,YNR034W
AJT33814,YNR034W-A
AJT33815,YNR035C
AJT33816,YNR036C
AJT33817,YNR037C
AJT33818,YNR038W
AJT33819,YNR039C
AJT33820,YNR040W
AJT33821,YNR041C
AJT33822,YNR043W
AJT33824,YNR045W
AJT33825,YNR046W
AJT33826,YNR047W
AJT33827,YNR048W
AJT33828,YNR050C
AJT33829,YNR051C
AJT33830,YNR052C
AJT33831,YNR053C
AJT33832,YNR054C
AJT33833,YNR055C
AJT33834,YNR057C
AJT33835,YNR058W
AJT33836,YNR059W
AJT33837,YNR060W
AJT33838,YNR061C
AJT33839,YNR063W
AJT33840,YNR065C
AJT33841,YNR067C
AJT33842,YNR068C
AJT33843,YNR071C
AJT33844,YNR074C
AJT33845,YNR075W
AJU13317,YOL164W
AJU13318,YOL163W
AJU13319,YOL161C
AJU13320,YOL159C-A
AJU13321,YOL158C
AJU13322,YOL157C
AJU13323,YOL156W
AJU13325,YOL155C
AJU13326,YOL154W
AJU13327,YOL152W
AJU13328,YOL151W
AJU13329,YOL149W
AJU13330,YOL148C
AJU13331,YOL147C
AJU13332,YOL146W
AJU13333,YOL145C
AJU13334,YOL144W
AJU13335,YOL143C
AJU13336,YOL142W
AJU13337,YOL141W
AJU13338,YOL140W
AJU13339,YOL139C
AJU13340,YOL138C
AJU13341,YOL137W
AJU13342,YOL136C
AJU13343,YOL135C
AJU13344,YOL133W
AJU13345,YOL132W
AJU13346,YOL131W
AJU13347,YOL130W
AJU13348,YOL129W
AJU13349,YOL128C
AJU13350,YOL127W
AJU13351,YOL126C
AJU13352,YOL125W
AJU13353,YOL124C
AJU13354,YOL123W
AJU13355,YOL122C
AJU13356,YOL121C
AJU13357,YOL120C
AJU13358,YOL119C
AJU13359,YOL117W
AJU13360,YOL116W
AJU13361,YOL115W
AJU13362,YOL114C
AJU13363,YOL113W
AJU13364,YOL112W
AJU13365,YOL111C
AJU13366,YOL110W
AJU13368,YOL108C
AJU13369,YOL107W
AJU13370,YOL105C
AJU13371,YOL104C
AJU13372,YOL103W
AJU13373,YOL102C
AJU13374,YOL101C
AJU13375,YOL100W
AJU13376,YOL098C
AJU13378,YOL097C
AJU13379,YOL096C
AJU13380,YOL095C
AJU13381,YOL094C
AJU13382,YOL093W
AJU13383,YOL092W
AJU13384,YOL091W
AJU13385,YOL090W
AJU13386,YOL089C
AJU13387,YOL088C
AJU13388,YOL087C
AJU13389,YOL086W-A
AJU13390,YOL086C
AJU13391,YOL084W
AJU13392,YOL083W
AJU13393,YOL082W
AJU13394,YOL081W
AJU13395,YOL080C
AJU13396,YOL078W
AJU13397,YOL077W-A
AJU13398,YOL077C
AJU13399,YOL076W
AJU13400,YOL075C
AJU13401,YOL073C
AJU13402,YOL072W
AJU13403,YOL071W
AJU13404,YOL070C
AJU13405,YOL069W
AJU13406,YOL068C
AJU13407,YOL067C
AJU13408,YOL066C
AJU13409,YOL065C
AJU13410,YOL064C
AJU13411,YOL062C
AJU13412,YOL061W
AJU13413,YOL060C
AJU13414,YOL059W
AJU13415,YOL058W
AJU13416,YOL057W
AJU13417,YOL056W
AJU13418,YOL055C
AJU13419,YOL054W
AJU13420,YOL053W
AJU13422,YOL052C
AJU13423,YOL051W
AJU13424,YOL049W
AJU13425,YOL048C
AJU13426,YOL047C
AJU13427,YOL045W
AJU13428,YOL044W
AJU13429,YOL043C
AJU13430,YOL042W
AJU13431,YOL041C
AJU13432,YOL040C
AJU13433,YOL039W
AJU13434,YOL038W
AJU13435,YOL036W
AJU13436,YOL034W
AJU13437,YOL033W
AJU13438,YOL032W
AJU13439,YOL031C
AJU13440,YOL030W
AJU13441,YOL029C
AJU13442,YOL027C
AJU13443,YOL026C
AJU13444,YOL025W
AJU13445,YOL024W
AJU13446,YOL023W
AJU13447,YOL022C
AJU13448,YOL021C
AJU13449,YOL020W
AJU13450,YOL019W
AJU13451,YOL018C
AJU13452,YOL017W
AJU13453,YOL016C
AJU13454,YOL015W
AJU13455,YOL013C
AJU13456,YOL012C
AJU13457,YOL011W
AJU13458,YOL010W
AJU13459,YOL009C
AJU13460,YOL008W
AJU13461,YOL007C
AJU13462,YOL006C
AJU13463,YOL005C
AJU13464,YOL004W
AJU13465,YOL003C
AJU13466,YOL002C
AJU13467,YOL001W
AJU13468,YOR001W
AJU13469,YOR002W
AJU13470,YOR003W
AJU13471,YOR004W
AJU13472,YOR005C
AJU13473,YOR006C
AJU13474,YOR007C
AJU13475,YOR008C
AJU13477,YOR009W
AJU13478,YOR010C
AJU13479,YOR011W
AJU13481,YOR014W
AJU13482,YOR016C
AJU13483,YOR017W
AJU13484,YOR018W
AJU13485,YOR019W
AJU13486,YOR020C
AJU13487,YOR020W-A
AJU13488,YOR021C
AJU13489,YOR022C
AJU13490,YOR023C
AJU13491,YOR025W
AJU13492,YOR026W
AJU13493,YOR027W
AJU13494,YOR028C
AJU13495,YOR030W
AJU13497,YOR032C
AJU13499,YOR033C
AJU13500,YOR034C
AJU13501,YOR035C
AJU13502,YOR036W
AJU13503,YOR037W
AJU13504,YOR038C
AJU13505,YOR039W
AJU13506,YOR040W
AJU13507,YOR042W
AJU13508,YOR043W
AJU13509,YOR044W
AJU13510,YOR045W
AJU13511,YOR046C
AJU13512,YOR047C
AJU13513,YOR048C
AJU13514,YOR049C
AJU13515,YOR051C
AJU13516,YOR052C
AJU13517,YOR054C
AJU13518,YOR056C
AJU13519,YOR057W
AJU13520,YOR058C
AJU13521,YOR059C
AJU13522,YOR060C
AJU13523,YOR061W
AJU13524,YOR062C
AJU13525,YOR063W
AJU13526,YOR064C
AJU13527,YOR065W
AJU13528,YOR066W
AJU13529,YOR067C
AJU13530,YOR069W
AJU13532,YOR070C
AJU13533,YOR071C
AJU13535,YOR073W
AJU13536,YOR074C
AJU13537,YOR075W
AJU13538,YOR076C
AJU13539,YOR077W
AJU13540,YOR078W
AJU13541,YOR079C
AJU13542,YOR080W
AJU13543,YOR081C
AJU13544,YOR083W
AJU13545,YOR084W
AJU13546,YOR085W
AJU13547,YOR086C
AJU13548,YOR087W
AJU13549,YOR089C
AJU13550,YOR090C
AJU13551,YOR091W
AJU13552,YOR092W
AJU13553,YOR093C
AJU13554,YOR094W
AJU13555,YOR095C
AJU13556,YOR096W
AJU13557,YOR097C
AJU13558,YOR098C
AJU13559,YOR099W
AJU13560,YOR100C
AJU13561,YOR101W
AJU13562,YOR103C
AJU13563,YOR104W
AJU13565,YOR106W
AJU13566,YOR108W
AJU13567,YOR109W
AJU13568,YOR110W
AJU13569,YOR111W
AJU13570,YOR112W
AJU13571,YOR113W
AJU13572,YOR114W
AJU13573,YOR115C
AJU13574,YOR116C
AJU13575,YOR117W
AJU13576,YOR118W
AJU13577,YOR119C
AJU13578,YOR120W
AJU13579,YOR122C
AJU13580,YOR123C
AJU13581,YOR124C
AJU13582,YOR125C
AJU13583,YOR126C
AJU13584,YOR127W
AJU13585,YOR128C
AJU13586,YOR129C
AJU13587,YOR130C
AJU13588,YOR132W
AJU13589,YOR133W
AJU13590,YOR134W
AJU13591,YOR136W
AJU13592,YOR137C
AJU13593,YOR138C
AJU13594,YOR140W
AJU13595,YOR141C
AJU13596,YOR142W
AJU13597,YOR143C
AJU13598,YOR144C
AJU13599,YOR145C
AJU13600,YOR147W
AJU13601,YOR149C
AJU13602,YOR150W
AJU13603,YOR151C
AJU13604,YOR152C
AJU13605,YOR153W
AJU13606,YOR154W
AJU13607,YOR155C
AJU13608,YOR156C
AJU13609,YOR157C
AJU13610,YOR158W
AJU13611,YOR159C
AJU13612,YOR160W
AJU13613,YOR161C
AJU13614,YOR162C
AJU13615,YOR164C
AJU13616,YOR165W
AJU13617,YOR166C
AJU13618,YOR167C
AJU13619,YOR168W
AJU13620,YOR171C
AJU13621,YOR172W
AJU13622,YOR173W
AJU13623,YOR174W
AJU13624,YOR175C
AJU13625,YOR176W
AJU13626,YOR177C
AJU13627,YOR178C
AJU13628,YOR179C
AJU13629,YOR180C
AJU13630,YOR181W
AJU13631,YOR182C
AJU13633,YOR184W
AJU13634,YOR185C
AJU13635,YOR186W
AJU13636,YOR187W
AJU13637,YOR188W
AJU13638,YOR189W
AJU13639,YOR190W
AJU13640,YOR191W
AJU13641,YOR192C
AJU13642,YOR193W
AJU13643,YOR194C
AJU13644,YOR195W
AJU13645,YOR196C
AJU13646,YOR197W
AJU13647,YOR198C
AJU13648,YOR201C
AJU13649,YOR202W
AJU13650,YOR204W
AJU13651,YOR205C
AJU13652,YOR206W
AJU13653,YOR207C
AJU13654,YOR208W
AJU13655,YOR209C
AJU13656,YOR210W
AJU13657,YOR211C
AJU13658,YOR212W
AJU13659,YOR213C
AJU13660,YOR214C
AJU13661,YOR215C
AJU13662,YOR216C
AJU13663,YOR217W
AJU13664,YOR219C
AJU13665,YOR220W
AJU13666,YOR221C
AJU13667,YOR222W
AJU13668,YOR223W
AJU13669,YOR224C
AJU13670,YOR226C
AJU13671,YOR227W
AJU13672,YOR228C
AJU13673,YOR229W
AJU13674,YOR230W
AJU13675,YOR231W
AJU13676,YOR232W
AJU13677,YOR233W
AJU13678,YOR234C
AJU13679,YOR236W
AJU13680,YOR237W
AJU13681,YOR238W
AJU13682,YOR239W
AJU13683,YOR242C
AJU13684,YOR243C
AJU13685,YOR244W
AJU13686,YOR245C
AJU13687,YOR246C
AJU13688,YOR247W
AJU13689,YOR249C
AJU13690,YOR250C
AJU13691,YOR251C
AJU13692,YOR252W
AJU13693,YOR253W
AJU13694,YOR254C
AJU13695,YOR255W
AJU13696,YOR256C
AJU13697,YOR257W
AJU13698,YOR258W
AJU13699,YOR259C
AJU13700,YOR260W
AJU13701,YOR261C
AJU13702,YOR262W
AJU13703,YOR264W
AJU13704,YOR265W
AJU13705,YOR266W
AJU13706,YOR267C
AJU13708,YOR269W
AJU13709,YOR270C
AJU13710,YOR271C
AJU13711,YOR272W
AJU13712,YOR273C
AJU13713,YOR274W
AJU13714,YOR275C
AJU13715,YOR276W
AJU13716,YOR278W
AJU13717,YOR279C
AJU13718,YOR280C
AJU13719,YOR281C
AJU13720,YOR283W
AJU13721,YOR284W
AJU13722,YOR285W
AJU13723,YOR286W
AJU13724,YOR287C
AJU13725,YOR288C
AJU13726,YOR289W
AJU13727,YOR290C
AJU13728,YOR291W
AJU13729,YOR292C
AJU13730,YOR293W
AJU13731,YOR294W
AJU13732,YOR295W
AJU13733,YOR296W
AJU13734,YOR297C
AJU13735,YOR298W
AJU13736,YOR298C-A
AJU13737,YOR299W
AJU13738,YOR301W
AJU13740,YOR303W
AJU13741,YOR304W
AJU13742,YOR304C-A
AJU13743,YOR305W
AJU13744,YOR306C
AJU13745,YOR307C
AJU13746,YOR308C
AJU13747,YOR310C
AJU13748,YOR311C
AJU13749,YOR312C
AJU13750,YOR313C
AJU13751,YOR315W
AJU13752,YOR316C
AJU13753,YOR317W
AJU13754,YOR319W
AJU13755,YOR320C
AJU13756,YOR321W
AJU13757,YOR322C
AJU13758,YOR323C
AJU13759,YOR324C
AJU13760,YOR326W
AJU13761,YOR327C
AJU13762,YOR328W
AJU13763,YOR329C
AJU13764,YOR330C
AJU13765,YOR332W
AJU13766,YOR334W
AJU13767,YOR335C
AJU13768,YOR336W
AJU13769,YOR337W
AJU13770,YOR338W
AJU13771,YOR339C
AJU13772,YOR340C
AJU13773,YOR341W
AJU13774,YOR342C
AJU13775,YOR346W
AJU13776,YOR347C
AJU13777,YOR348C
AJU13778,YOR349W
AJU13779,YOR350C
AJU13780,YOR351C
AJU13781,YOR352W
AJU13782,YOR353C
AJU13783,YOR354C
AJU13784,YOR355W
AJU13785,YOR356W
AJU13786,YOR357C
AJU13787,YOR358W
AJU13788,YOR359W
AJU13789,YOR360C
AJU13790,YOR361C
AJU13791,YOR362C
AJU13792,YOR363C
AJU13793,YOR365C
AJU13794,YOR367W
AJU13795,YOR368W
AJU13796,YOR369C
AJU13797,YOR370C
AJU13798,YOR371C
AJU13799,YOR372C
AJU13800,YOR373W
AJU13801,YOR374W
AJU13802,YOR375C
AJU13803,YOR377W
AJU13804,YOR378W
AJU13805,YOR380W
AJU13806,YOR381W
AJU13808,YOR382W
AJU13809,YOR383C
AJU13810,YOR384W
AJU13811,YOR386W
AJU13812,YOR388C
AJU13813,YOR391C
AJU13814,YOR393W
AJU16213,Q0045
AJU16214,Q0080
AJU16215,Q0085
AJU16216,Q0105
AJU16217,Q0130
AJU16218,Q0140
AJU16219,Q0250
AJU16220,Q0275
AJU24438,YHL048W
AJU24439,YHL047C
AJU24440,YHL046C
AJU24441,YHL044W
AJU24442,YHL040C
AJU24443,YHL039W
AJU24444,YHL038C
AJU24445,YHL036W
AJU24446,YHL035C
AJU24447,YHL034C
AJU24448,YHL032C
AJU24449,YHL031C
AJU24450,YHL030W
AJU24451,YHL029C
AJU24452,YHL028W
AJU24453,YHL027W
AJU24454,YHL026C
AJU24455,YHL025W
AJU24456,YHL024W
AJU24457,YHL023C
AJU24458,YHL022C
AJU24459,YHL021C
AJU24460,YHL020C
AJU24461,YHL019C
AJU24462,YHL018W
AJU24463,YHL017W
AJU24464,YHL016C
AJU24466,YHL015W
AJU24467,YHL014C
AJU24468,YHL013C
AJU24469,YHL012W
AJU24470,YHL011C
AJU24471,YHL010C
AJU24472,YHL009C
AJU24473,YHL008C
AJU24474,YHL007C
AJU24475,YHL006C
AJU24476,YHL004W
AJU24477,YHL003C
AJU24478,YHL002W
AJU24479,YHL001W
AJU24480,YHR001W
AJU24481,YHR001W-A
AJU24482,YHR002W
AJU24483,YHR003C
AJU24484,YHR004C
AJU24485,YHR005C
AJU24486,YHR005C-A
AJU24487,YHR006W
AJU24488,YHR007C
AJU24489,YHR008C
AJU24490,YHR009C
AJU24491,YHR010W
AJU24492,YHR011W
AJU24493,YHR012W
AJU24494,YHR013C
AJU24495,YHR014W
AJU24496,YHR015W
AJU24497,YHR016C
AJU24498,YHR017W
AJU24499,YHR018C
AJU24500,YHR019C
AJU24501,YHR020W
AJU24502,YHR021C
AJU24504,YHR023W
AJU24505,YHR024C
AJU24506,YHR025W
AJU24507,YHR026W
AJU24508,YHR027C
AJU24509,YHR028C
AJU24510,YHR029C
AJU24511,YHR030C
AJU24512,YHR031C
AJU24513,YHR033W
AJU24514,YHR034C
AJU24515,YHR035W
AJU24516,YHR036W
AJU24517,YHR037W
AJU24518,YHR038W
AJU24519,YHR039C
AJU24520,YHR039C-A
AJU24521,YHR040W
AJU24522,YHR041C
AJU24523,YHR042W
AJU24524,YHR043C
AJU24525,YHR044C
AJU24526,YHR045W
AJU24527,YHR046C
AJU24528,YHR047C
AJU24529,YHR048W
AJU24530,YHR049W
AJU24531,YHR050W
AJU24533,YHR051W
AJU24534,YHR052W
AJU24535,YHR053C
AJU24536,YHR054C
AJU24537,YHR057C
AJU24538,YHR058C
AJU24539,YHR059W
AJU24540,YHR060W
AJU24541,YHR061C
AJU24542,YHR062C
AJU24543,YHR063C
AJU24544,YHR064C
AJU24545,YHR065C
AJU24546,YHR066W
AJU24547,YHR067W
AJU24548,YHR068W
AJU24549,YHR069C
AJU24550,YHR070W
AJU24551,YHR071W
AJU24552,YHR072W
AJU24553,YHR072W-A
AJU24554,YHR073W
AJU24555,YHR074W
AJU24556,YHR075C
AJU24557,YHR076W
AJU24558,YHR077C
AJU24559,YHR078W
AJU24560,YHR079C
AJU24561,YHR079C-A
AJU24562,YHR080C
AJU24563,YHR081W
AJU24564,YHR082C
AJU24565,YHR083W
AJU24566,YHR084W
AJU24567,YHR085W
AJU24568,YHR086W
AJU24570,YHR087W
AJU24571,YHR088W
AJU24572,YHR089C
AJU24573,YHR090C
AJU24574,YHR091C
AJU24575,YHR092C
AJU24576,YHR094C
AJU24577,YHR096C
AJU24578,YHR097C
AJU24579,YHR098C
AJU24580,YHR099W
AJU24581,YHR100C
AJU24582,YHR101C
AJU24583,YHR102W
AJU24584,YHR103W
AJU24585,YHR104W
AJU24586,YHR105W
AJU24587,YHR106W
AJU24588,YHR107C
AJU24589,YHR108W
AJU24590,YHR109W
AJU24591,YHR110W
AJU24592,YHR111W
AJU24593,YHR112C
AJU24594,YHR113W
AJU24595,YHR114W
AJU24596,YHR115C
AJU24597,YHR116W
AJU24598,YHR117W
AJU24599,YHR119W
AJU24600,YHR120W
AJU24601,YHR121W
AJU24602,YHR122W
AJU24603,YHR123W
AJU24604,YHR124W
AJU24605,YHR126C
AJU24606,YHR127W
AJU24607,YHR128W
AJU24608,YHR129C
AJU24609,YHR131C
AJU24610,YHR132C
AJU24611,YHR132W-A
AJU24612,YHR133C
AJU24613,YHR134W
AJU24614,YHR135C
AJU24615,YHR136C
AJU24616,YHR137W
AJU24617,YHR138C
AJU24618,YHR139C
AJU24619,YHR140W
AJU24620,YHR141C
AJU24621,YHR142W
AJU24622,YHR143W
AJU24623,YHR143W-A
AJU24624,YHR144C
AJU24625,YHR146W
AJU24626,YHR147C
AJU24627,YHR148W
AJU24628,YHR149C
AJU24629,YHR150W
AJU24630,YHR151C
AJU24631,YHR152W
AJU24632,YHR153C
AJU24633,YHR154W
AJU24634,YHR155W
AJU24635,YHR156C
AJU24636,YHR157W
AJU24637,YHR158C
AJU24638,YHR159W
AJU24639,YHR160C
AJU24640,YHR161C
AJU24641,YHR162W
AJU24642,YHR163W
AJU24643,YHR164C
AJU24644,YHR165C
AJU24645,YHR166C
AJU24646,YHR167W
AJU24647,YHR168W
AJU24648,YHR169W
AJU24649,YHR170W
AJU24650,YHR171W
AJU24651,YHR172W
AJU24652,YHR174W
AJU24653,YHR176W
AJU24654,YHR177W
AJU24655,YHR178W
AJU24656,YHR179W
AJU24657,YHR181W
AJU24658,YHR182W
AJU24659,YHR183W
AJU24660,YHR184W
AJU24661,YHR186C
AJU24662,YHR187W
AJU24663,YHR188C
AJU24664,YHR189W
AJU24665,YHR190W
AJU24666,YHR191C
AJU24667,YHR192W
AJU24668,YHR193C
AJU24669,YHR194W
AJU24670,YHR195W
AJU24671,YHR196W
AJU24672,YHR197W
AJU24673,YHR198C
AJU24674,YHR199C
AJU24676,YHR200W
AJU24677,YHR201C
AJU24678,YHR202W
AJU24679,YHR203C
AJU24680,YHR204W
AJU24681,YHR205W
AJU24682,YHR206W
AJU24683,YHR207C
AJU24684,YHR208W
AJU24685,YHR209W
AJU24686,YHR210C
AJU24687,YHL043W
AJU56426,YEL073C
AJU56427,YEL072W
AJU56428,YEL071W
AJU56429,YEL070W
AJU56430,YEL066W
AJU56431,YEL065W
AJU56432,YEL064C
AJU56433,YEL063C
AJU56434,YEL062W
AJU56435,YEL061C
AJU56436,YEL060C
AJU56437,YEL058W
AJU56438,YEL057C
AJU56439,YEL056W
AJU56440,YEL055C
AJU56441,YEL054C
AJU56442,YEL053C
AJU56443,YEL052W
AJU56444,YEL051W
AJU56445,YEL050C
AJU56446,YEL049W
AJU56447,YEL048C
AJU56448,YEL047C
AJU56449,YEL046C
AJU56450,YEL044W
AJU56451,YEL043W
AJU56452,YEL042W
AJU56453,YEL041W
AJU56454,YEL040W
AJU56455,YEL039C
AJU56456,YEL038W
AJU56457,YEL037C
AJU56458,YEL036C
AJU56460,YEL034W
AJU56461,YEL032W
AJU56462,YEL031W
AJU56463,YEL030W
AJU56464,YEL029C
AJU56465,YEL027W
AJU56466,YEL026W
AJU56467,YEL025C
AJU56468,YEL024W
AJU56469,YEL023C
AJU56470,YEL022W
AJU56471,YEL021W
AJU56472,YEL020W-A
AJU56473,YEL020C
AJU56474,YEL019C
AJU56475,YEL018W
AJU56476,YEL017C-A
AJU56477,YEL017W
AJU56478,YEL016C
AJU56479,YEL015W
AJU56480,YEL013W
AJU56481,YEL012W
AJU56482,YEL011W
AJU56483,YEL009C
AJU56484,YEL007W
AJU56485,YEL006W
AJU56486,YEL005C
AJU56487,YEL004W
AJU56488,YEL003W
AJU56489,YEL002C
AJU56490,YEL001C
AJU56491,YER001W
AJU56492,YER002W
AJU56493,YER003C
AJU56494,YER004W
AJU56495,YER005W
AJU56496,YER006W
AJU56497,YER007W
AJU56498,YER007C-A
AJU56499,YER008C
AJU56500,YER009W
AJU56501,YER010C
AJU56502,YER011W
AJU56503,YER012W
AJU56504,YER013W
AJU56505,YER014W
AJU56507,YER015W
AJU56508,YER016W
AJU56509,YER017C
AJU56510,YER018C
AJU56511,YER019W
AJU56512,YER019C-A
AJU56513,YER020W
AJU56514,YER021W
AJU56515,YER022W
AJU56516,YER023W
AJU56517,YER024W
AJU56518,YER025W
AJU56519,YER026C
AJU56520,YER027C
AJU56521,YER028C
AJU56522,YER029C
AJU56523,YER030W
AJU56524,YER031C
AJU56525,YER032W
AJU56526,YER033C
AJU56527,YER034W
AJU56528,YER035W
AJU56529,YER036C
AJU56530,YER037W
AJU56531,YER038C
AJU56532,YER039C
AJU56533,YER040W
AJU56534,YER041W
AJU56535,YER042W
AJU56536,YER043C
AJU56537,YER044C
AJU56538,YER044C-A
AJU56539,YER045C
AJU56540,YER046W
AJU56541,YER047C
AJU56542,YER048C
AJU56543,YER048W-A
AJU56544,YER049W
AJU56545,YER050C
AJU56546,YER051W
AJU56547,YER052C
AJU56548,YER053C
AJU56549,YER053C-A
AJU56550,YER054C
AJU56551,YER055C
AJU56552,YER056C
AJU56553,YER056C-A
AJU56554,YER057C
AJU56555,YER058W
AJU56556,YER059W
AJU56557,YER060W
AJU56558,YER060W-A
AJU56559,YER061C
AJU56560,YER062C
AJU56561,YER063W
AJU56562,YER064C
AJU56563,YER065C
AJU56564,YER066W
AJU56565,YER067W
AJU56566,YER068W
AJU56567,YER069W
AJU56568,YER070W
AJU56569,YER071C
AJU56570,YER072W
AJU56571,YER073W
AJU56572,YER074W
AJU56573,YER074W-A
AJU56574,YER075C
AJU56575,YER076C
AJU56576,YER077C
AJU56577,YER078C
AJU56579,YER079W
AJU56580,YER080W
AJU56581,YER081W
AJU56582,YER082C
AJU56583,YER083C
AJU56585,YER085C
AJU56586,YER086W
AJU56587,YER087W
AJU56588,YER087C-B
AJU56589,YER088C
AJU56590,YER089C
AJU56591,YER090W
AJU56592,YER091C
AJU56593,YER092W
AJU56594,YER093C
AJU56595,YER093C-A
AJU56596,YER094C
AJU56597,YER095W
AJU56598,YER096W
AJU56599,YER098W
AJU56600,YER099C
AJU56601,YER100W
AJU56602,YER102W
AJU56603,YER103W
AJU56604,YER104W
AJU56605,YER105C
AJU56606,YER106W
AJU56607,YER107C
AJU56608,YER109C
AJU56609,YER110C
AJU56610,YER111C
AJU56611,YER112W
AJU56612,YER113C
AJU56613,YER114C
AJU56614,YER115C
AJU56615,YER116C
AJU56616,YER117W
AJU56617,YER118C
AJU56618,YER119C
AJU56619,YER120W
AJU56621,YER122C
AJU56622,YER123W
AJU56623,YER124C
AJU56624,YER125W
AJU56625,YER126C
AJU56626,YER127W
AJU56627,YER128W
AJU56628,YER129W
AJU56629,YER130C
AJU56630,YER131W
AJU56631,YER132C
AJU56632,YER133W
AJU56633,YER134C
AJU56634,YER136W
AJU56635,YER137C
AJU56636,YER139C
AJU56637,YER140W
AJU56638,YER141W
AJU56639,YER142C
AJU56640,YER143W
AJU56641,YER144C
AJU56642,YER145C
AJU56643,YER146W
AJU56644,YER147C
AJU56645,YER148W
AJU56646,YER149C
AJU56647,YER150W
AJU56648,YER151C
AJU56649,YER152C
AJU56650,YER153C
AJU56651,YER154W
AJU56652,YER156C
AJU56653,YER157W
AJU56654,YER158C
AJU56655,YER159C
AJU56656,YER161C
AJU56657,YER162C
AJU56658,YER163C
AJU56659,YER164W
AJU56660,YER165W
AJU56661,YER166W
AJU56662,YER167W
AJU56663,YER168C
AJU56664,YER169W
AJU56665,YER171W
AJU56666,YER172C
AJU56667,YER173W
AJU56668,YER174C
AJU56669,YER175C
AJU56671,YER176W
AJU56672,YER177W
AJU56673,YER178W
AJU56674,YER179W
AJU56675,YER180C
AJU56676,YER180C-A
AJU56677,YER182W
AJU56678,YER183C
AJU56679,YER184C
AJU56680,YER185W
AJU56681,YER187W
AJV18459,YDL243C
AJV18460,YDL241W
AJV18461,YDL240W
AJV18462,YDL239C
AJV18463,YDL238C
AJV18464,YDL237W
AJV18465,YDL236W
AJV18466,YDL235C
AJV18467,YDL234C
AJV18468,YDL233W
AJV18469,YDL232W
AJV18470,YDL231C
AJV18471,YDL230W
AJV18472,YDL229W
AJV18473,YDL227C
AJV18474,YDL226C
AJV18475,YDL225W
AJV18476,YDL224C
AJV18477,YDL223C
AJV18478,YDL222C
AJV18479,YDL220C
AJV18480,YDL219W
AJV18481,YDL218W
AJV18482,YDL217C
AJV18483,YDL216C
AJV18484,YDL215C
AJV18485,YDL214C
AJV18486,YDL213C
AJV18487,YDL212W
AJV18488,YDL211C
AJV18489,YDL210W
AJV18490,YDL209C
AJV18491,YDL208W
AJV18492,YDL207W
AJV18493,YDL206W
AJV18494,YDL205C
AJV18495,YDL204W
AJV18496,YDL203C
AJV18497,YDL202W
AJV18498,YDL201W
AJV18499,YDL200C
AJV18500,YDL199C
AJV18501,YDL198C
AJV18502,YDL197C
AJV18503,YDL195W
AJV18504,YDL194W
AJV18505,YDL193W
AJV18506,YDL192W
AJV18507,YDL191W
AJV18508,YDL190C
AJV18509,YDL189W
AJV18510,YDL188C
AJV18511,YDL186W
AJV18512,YDL185W
AJV18514,YDL183C
AJV18515,YDL182W
AJV18516,YDL181W
AJV18517,YDL180W
AJV18518,YDL179W
AJV18519,YDL178W
AJV18520,YDL177C
AJV18521,YDL176W
AJV18522,YDL175C
AJV18523,YDL174C
AJV18524,YDL173W
AJV18525,YDL171C
AJV18526,YDL170W
AJV18527,YDL169C
AJV18528,YDL168W
AJV18529,YDL167C
AJV18530,YDL166C
AJV18531,YDL165W
AJV18532,YDL164C
AJV18533,YDL161W
AJV18534,YDL160C-A
AJV18535,YDL160C
AJV18537,YDL159W
AJV18538,YDL157C
AJV18539,YDL156W
AJV18540,YDL155W
AJV18541,YDL154W
AJV18542,YDL153C
AJV18543,YDL150W
AJV18544,YDL149W
AJV18545,YDL148C
AJV18546,YDL147W
AJV18547,YDL146W
AJV18548,YDL145C
AJV18549,YDL144C
AJV18550,YDL143W
AJV18551,YDL142C
AJV18552,YDL141W
AJV18553,YDL140C
AJV18554,YDL139C
AJV18555,YDL138W
AJV18556,YDL137W
AJV18557,YDL136W
AJV18558,YDL135C
AJV18559,YDL134C
AJV18561,YDL133W
AJV18562,YDL132W
AJV18563,YDL131W
AJV18564,YDL130W-A
AJV18565,YDL130W
AJV18566,YDL129W
AJV18567,YDL128W
AJV18568,YDL127W
AJV18569,YDL126C
AJV18570,YDL125C
AJV18571,YDL124W
AJV18572,YDL123W
AJV18573,YDL122W
AJV18574,YDL121C
AJV18575,YDL120W
AJV18576,YDL119C
AJV18578,YDL117W
AJV18579,YDL116W
AJV18580,YDL115C
AJV18581,YDL114W
AJV18582,YDL113C
AJV18583,YDL112W
AJV18584,YDL111C
AJV18585,YDL110C
AJV18586,YDL109C
AJV18587,YDL108W
AJV18588,YDL107W
AJV18589,YDL106C
AJV18590,YDL105W
AJV18591,YDL103C
AJV18592,YDL102W
AJV18593,YDL101C
AJV18594,YDL100C
AJV18595,YDL099W
AJV18596,YDL098C
AJV18597,YDL097C
AJV18598,YDL095W
AJV18599,YDL093W
AJV18600,YDL092W
AJV18601,YDL091C
AJV18602,YDL090C
AJV18603,YDL089W
AJV18604,YDL088C
AJV18605,YDL087C
AJV18606,YDL086W
AJV18608,YDL085W
AJV18609,YDL084W
AJV18610,YDL083C
AJV18611,YDL082W
AJV18612,YDL081C
AJV18613,YDL079C
AJV18614,YDL078C
AJV18615,YDL077C
AJV18616,YDL076C
AJV18617,YDL075W
AJV18618,YDL074C
AJV18619,YDL073W
AJV18620,YDL072C
AJV18621,YDL070W
AJV18622,YDL069C
AJV18623,YDL067C
AJV18624,YDL066W
AJV18625,YDL065C
AJV18626,YDL064W
AJV18627,YDL063C
AJV18628,YDL061C
AJV18629,YDL060W
AJV18630,YDL059C
AJV18631,YDL058W
AJV18632,YDL057W
AJV18633,YDL056W
AJV18634,YDL055C
AJV18635,YDL054C
AJV18636,YDL053C
AJV18637,YDL052C
AJV18638,YDL051W
AJV18639,YDL049C
AJV18640,YDL048C
AJV18641,YDL047W
AJV18642,YDL046W
AJV18643,YDL045W-A
AJV18644,YDL045C
AJV18645,YDL044C
AJV18646,YDL043C
AJV18647,YDL042C
AJV18648,YDL040C
AJV18649,YDL036C
AJV18650,YDL035C
AJV18651,YDL033C
AJV18652,YDL031W
AJV18653,YDL030W
AJV18654,YDL029W
AJV18655,YDL028C
AJV18656,YDL027C
AJV18657,YDL025C
AJV18658,YDL024C
AJV18659,YDL022W
AJV18660,YDL021W
AJV18661,YDL020C
AJV18662,YDL019C
AJV18663,YDL018C
AJV18664,YDL017W
AJV18665,YDL015C
AJV18666,YDL014W
AJV18667,YDL013W
AJV18669,YDL010W
AJV18670,YDL008W
AJV18671,YDL007C-A
AJV18672,YDL007W
AJV18673,YDL006W
AJV18674,YDL005C
AJV18675,YDL004W
AJV18676,YDL003W
AJV18677,YDL002C
AJV18678,YDL001W
AJV18679,YDR001C
AJV18680,YDR002W
AJV18681,YDR003W
AJV18683,YDR004W
AJV18684,YDR005C
AJV18685,YDR006C
AJV18686,YDR007W
AJV18687,YDR009W
AJV18688,YDR011W
AJV18689,YDR012W
AJV18690,YDR013W
AJV18691,YDR014W
AJV18692,YDR014W-A
AJV18693,YDR016C
AJV18694,YDR017C
AJV18695,YDR019C
AJV18696,YDR020C
AJV18697,YDR021W
AJV18698,YDR022C
AJV18699,YDR023W
AJV18700,YDR025W
AJV18701,YDR026C
AJV18702,YDR027C
AJV18703,YDR028C
AJV18704,YDR030C
AJV18705,YDR031W
AJV18706,YDR032C
AJV18707,YDR033W
AJV18708,YDR034C
AJV18710,YDR035W
AJV18711,YDR036C
AJV18712,YDR037W
AJV18713,YDR039C
AJV18714,YDR041W
AJV18715,YDR042C
AJV18716,YDR043C
AJV18717,YDR044W
AJV18718,YDR045C
AJV18719,YDR046C
AJV18720,YDR047W
AJV18721,YDR049W
AJV18722,YDR050C
AJV18723,YDR051C
AJV18724,YDR052C
AJV18725,YDR054C
AJV18726,YDR055W
AJV18727,YDR056C
AJV18728,YDR057W
AJV18729,YDR058C
AJV18730,YDR059C
AJV18731,YDR060W
AJV18732,YDR061W
AJV18733,YDR062W
AJV18734,YDR063W
AJV18735,YDR064W
AJV18736,YDR065W
AJV18737,YDR066C
AJV18738,YDR067C
AJV18739,YDR068W
AJV18740,YDR069C
AJV18741,YDR070C
AJV18742,YDR071C
AJV18743,YDR072C
AJV18745,YDR074W
AJV18746,YDR075W
AJV18747,YDR076W
AJV18748,YDR077W
AJV18749,YDR078C
AJV18750,YDR079W
AJV18751,YDR079C-A
AJV18752,YDR080W
AJV18753,YDR081C
AJV18754,YDR082W
AJV18755,YDR083W
AJV18756,YDR084C
AJV18757,YDR085C
AJV18758,YDR086C
AJV18759,YDR087C
AJV18760,YDR088C
AJV18761,YDR089W
AJV18762,YDR090C
AJV18763,YDR091C
AJV18764,YDR092W
AJV18765,YDR093W
AJV18766,YDR096W
AJV18767,YDR097C
AJV18768,YDR098C
AJV18769,YDR099W
AJV18770,YDR100W
AJV18771,YDR101C
AJV18772,YDR103W
AJV18773,YDR104C
AJV18774,YDR105C
AJV18775,YDR106W
AJV18776,YDR107C
AJV18777,YDR108W
AJV18778,YDR109C
AJV18779,YDR110W
AJV18780,YDR111C
AJV18781,YDR113C
AJV18782,YDR115W
AJV18783,YDR116C
AJV18784,YDR117C
AJV18785,YDR118W
AJV18786,YDR119W-A
AJV18787,YDR120C
AJV18788,YDR121W
AJV18789,YDR122W
AJV18790,YDR123C
AJV18791,YDR124W
AJV18792,YDR125C
AJV18793,YDR126W
AJV18794,YDR127W
AJV18795,YDR128W
AJV18796,YDR129C
AJV18797,YDR130C
AJV18798,YDR131C
AJV18799,YDR132C
AJV18800,YDR135C
AJV18801,YDR137W
AJV18802,YDR138W
AJV18803,YDR139C
AJV18804,YDR140W
AJV18805,YDR141C
AJV18806,YDR142C
AJV18807,YDR143C
AJV18808,YDR144C
AJV18809,YDR145W
AJV18810,YDR146C
AJV18811,YDR147W
AJV18812,YDR148C
AJV18813,YDR150W
AJV18814,YDR151C
AJV18815,YDR152W
AJV18816,YDR153C
AJV18817,YDR155C
AJV18818,YDR156W
AJV18819,YDR158W
AJV18820,YDR159W
AJV18821,YDR160W
AJV18822,YDR161W
AJV18823,YDR162C
AJV18824,YDR163W
AJV18825,YDR164C
AJV18826,YDR165W
AJV18827,YDR166C
AJV18828,YDR167W
AJV18829,YDR168W
AJV18830,YDR169C
AJV18831,YDR170C
AJV18832,YDR171W
AJV18833,YDR172W
AJV18834,YDR173C
AJV18835,YDR174W
AJV18836,YDR175C
AJV18837,YDR176W
AJV18838,YDR177W
AJV18839,YDR178W
AJV18840,YDR179C
AJV18841,YDR179W-A
AJV18842,YDR180W
AJV18843,YDR181C
AJV18844,YDR182W
AJV18845,YDR182W-A
AJV18846,YDR183W
AJV18847,YDR184C
AJV18848,YDR185C
AJV18849,YDR186C
AJV18850,YDR188W
AJV18851,YDR189W
AJV18852,YDR190C
AJV18853,YDR191W
AJV18854,YDR192C
AJV18855,YDR194C
AJV18857,YDR195W
AJV18858,YDR196C
AJV18859,YDR197W
AJV18860,YDR198C
AJV18861,YDR200C
AJV18862,YDR201W
AJV18863,YDR202C
AJV18864,YDR204W
AJV18865,YDR205W
AJV18866,YDR206W
AJV18867,YDR207C
AJV18868,YDR208W
AJV18869,YDR211W
AJV18870,YDR212W
AJV18871,YDR213W
AJV18872,YDR214W
AJV18873,YDR216W
AJV18874,YDR217C
AJV18875,YDR218C
AJV18876,YDR219C
AJV18877,YDR221W
AJV18878,YDR222W
AJV18879,YDR223W
AJV18880,YDR224C
AJV18881,YDR225W
AJV18882,YDR226W
AJV18883,YDR227W
AJV18884,YDR228C
AJV18885,YDR229W
AJV18886,YDR231C
AJV18887,YDR232W
AJV18888,YDR233C
AJV18889,YDR234W
AJV18890,YDR235W
AJV18891,YDR236C
AJV18892,YDR237W
AJV18893,YDR238C
AJV18894,YDR239C
AJV18895,YDR240C
AJV18896,YDR242W
AJV18897,YDR243C
AJV18898,YDR244W
AJV18899,YDR245W
AJV18900,YDR246W
AJV18901,YDR246W-A
AJV18902,YDR247W
AJV18903,YDR248C
AJV18904,YDR249C
AJV18905,YDR251W
AJV18906,YDR252W
AJV18907,YDR253C
AJV18908,YDR254W
AJV18909,YDR255C
AJV18910,YDR256C
AJV18911,YDR257C
AJV18912,YDR258C
AJV18913,YDR259C
AJV18914,YDR260C
AJV18915,YDR261C
AJV18916,YDR263C
AJV18917,YDR264C
AJV18918,YDR265W
AJV18919,YDR266C
AJV18920,YDR267C
AJV18921,YDR268W
AJV18922,YDR270W
AJV18923,YDR272W
AJV18924,YDR273W
AJV18925,YDR275W
AJV18926,YDR276C
AJV18927,YDR277C
AJV18928,YDR279W
AJV18929,YDR280W
AJV18930,YDR281C
AJV18931,YDR282C
AJV18932,YDR283C
AJV18933,YDR284C
AJV18934,YDR285W
AJV18935,YDR286C
AJV18936,YDR287W
AJV18937,YDR288W
AJV18938,YDR289C
AJV18939,YDR291W
AJV18940,YDR292C
AJV18941,YDR293C
AJV18942,YDR294C
AJV18943,YDR295C
AJV18944,YDR296W
AJV18945,YDR297W
AJV18946,YDR298C
AJV18947,YDR299W
AJV18948,YDR300C
AJV18949,YDR301W
AJV18950,YDR302W
AJV18951,YDR303C
AJV18952,YDR304C
AJV18953,YDR305C
AJV18954,YDR306C
AJV18955,YDR308C
AJV18956,YDR309C
AJV18957,YDR310C
AJV18958,YDR311W
AJV18959,YDR312W
AJV18960,YDR313C
AJV18961,YDR314C
AJV18962,YDR315C
AJV18963,YDR316W
AJV18964,YDR317W
AJV18965,YDR318W
AJV18966,YDR319C
AJV18967,YDR320C
AJV18968,YDR320C-A
AJV18969,YDR321W
AJV18970,YDR322W
AJV18971,YDR323C
AJV18972,YDR324C
AJV18973,YDR325W
AJV18974,YDR326C
AJV18975,YDR328C
AJV18976,YDR329C
AJV18977,YDR330W
AJV18978,YDR331W
AJV18979,YDR332W
AJV18980,YDR333C
AJV18981,YDR334W
AJV18982,YDR335W
AJV18983,YDR336W
AJV18984,YDR337W
AJV18985,YDR338C
AJV18986,YDR339C
AJV18987,YDR341C
AJV18988,YDR342C
AJV18989,YDR343C
AJV18990,YDR345C
AJV18991,YDR346C
AJV18992,YDR347W
AJV18993,YDR348C
AJV18994,YDR349C
AJV18995,YDR350C
AJV18996,YDR351W
AJV18997,YDR352W
AJV18998,YDR353W
AJV18999,YDR354W
AJV19000,YDR356W
AJV19001,YDR357C
AJV19002,YDR358W
AJV19003,YDR359C
AJV19004,YDR361C
AJV19005,YDR362C
AJV19006,YDR363W
AJV19008,YDR364C
AJV19009,YDR365C
AJV19010,YDR367W
AJV19011,YDR368W
AJV19012,YDR369C
AJV19013,YDR370C
AJV19014,YDR371W
AJV19015,YDR372C
AJV19016,YDR373W
AJV19017,YDR374C
AJV19018,YDR374W-A
AJV19019,YDR375C
AJV19020,YDR376W
AJV19021,YDR377W
AJV19022,YDR378C
AJV19023,YDR379W
AJV19024,YDR379C-A
AJV19025,YDR380W
AJV19026,YDR381W
AJV19027,YDR381C-A
AJV19028,YDR382W
AJV19029,YDR383C
AJV19030,YDR384C
AJV19031,YDR385W
AJV19032,YDR386W
AJV19033,YDR387C
AJV19034,YDR388W
AJV19035,YDR389W
AJV19036,YDR390C
AJV19037,YDR391C
AJV19038,YDR392W
AJV19039,YDR393W
AJV19040,YDR394W
AJV19041,YDR395W
AJV19042,YDR397C
AJV19043,YDR398W
AJV19044,YDR399W
AJV19045,YDR400W
AJV19046,YDR402C
AJV19047,YDR403W
AJV19048,YDR404C
AJV19049,YDR405W
AJV19050,YDR406W
AJV19051,YDR407C
AJV19052,YDR408C
AJV19053,YDR409W
AJV19054,YDR410C
AJV19055,YDR411C
AJV19056,YDR412W
AJV19057,YDR414C
AJV19058,YDR415C
AJV19059,YDR416W
AJV19060,YDR418W
AJV19061,YDR419W
AJV19062,YDR420W
AJV19063,YDR421W
AJV19064,YDR422C
AJV19065,YDR423C
AJV19066,YDR424C
AJV19067,YDR425W
AJV19068,YDR427W
AJV19069,YDR428C
AJV19070,YDR429C
AJV19071,YDR430C
AJV19072,YDR432W
AJV19073,YDR434W
AJV19074,YDR435C
AJV19075,YDR436W
AJV19076,YDR437W
AJV19077,YDR438W
AJV19078,YDR439W
AJV19079,YDR440W
AJV19080,YDR441C
AJV19081,YDR443C
AJV19082,YDR444W
AJV19083,YDR446W
AJV19084,YDR447C
AJV19085,YDR448W
AJV19086,YDR449C
AJV19087,YDR450W
AJV19088,YDR451C
AJV19089,YDR452W
AJV19090,YDR453C
AJV19091,YDR454C
AJV19092,YDR456W
AJV19093,YDR457W
AJV19094,YDR458C
AJV19095,YDR459C
AJV19096,YDR460W
AJV19097,YDR461W
AJV19098,YDR461C-A
AJV19099,YDR462W
AJV19100,YDR463W
AJV19101,YDR464W
AJV19102,YDR465C
AJV19103,YDR466W
AJV19104,YDR468C
AJV19105,YDR469W
AJV19106,YDR470C
AJV19107,YDR471W
AJV19108,YDR472W
AJV19109,YDR473C
AJV19110,YDR475C
AJV19111,YDR476C
AJV19112,YDR477W
AJV19113,YDR478W
AJV19114,YDR479C
AJV19115,YDR480W
AJV19116,YDR481C
AJV19117,YDR482C
AJV19118,YDR483W
AJV19119,YDR484W
AJV19120,YDR485C
AJV19121,YDR486C
AJV19122,YDR487C
AJV19123,YDR488C
AJV19124,YDR489W
AJV19125,YDR490C
AJV19126,YDR492W
AJV19127,YDR493W
AJV19128,YDR494W
AJV19129,YDR495C
AJV19130,YDR496C
AJV19131,YDR497C
AJV19132,YDR498C
AJV19133,YDR499W
AJV19134,YDR500C
AJV19135,YDR501W
AJV19136,YDR502C
AJV19137,YDR503C
AJV19139,YDR505C
AJV19140,YDR506C
AJV19141,YDR507C
AJV19142,YDR508C
AJV19143,YDR510W
AJV19144,YDR511W
AJV19145,YDR513W
AJV19146,YDR514C
AJV19147,YDR515W
AJV19148,YDR516C
AJV19149,YDR517W
AJV19150,YDR518W
AJV19151,YDR519W
AJV19152,YDR520C
AJV19153,YDR522C
AJV19154,YDR523C
AJV19155,YDR524C
AJV19158,YDR525W-A
AJV19159,YDR527W
AJV19160,YDR528W
AJV19161,YDR529C
AJV19162,YDR530C
AJV19163,YDR531W
AJV19164,YDR532C
AJV19165,YDR533C
AJV19166,YDR534C
AJV19167,YDR536W
AJV19168,YDR538W
AJV19169,YDR539W
AJV19171,YDL244W
AJV25897,YFL057C
AJV25898,YFL055W
AJV25899,YFL053W
AJV25900,YFL050C
AJV25901,YFL049W
AJV25902,YFL048C
AJV25903,YFL047W
AJV25904,YFL046W
AJV25905,YFL045C
AJV25906,YFL044C
AJV25907,YFL042C
AJV25909,YFL041W
AJV25910,YFL040W
AJV25911,YFL039C
AJV25912,YFL038C
AJV25913,YFL037W
AJV25914,YFL036W
AJV25915,YFL034C-B
AJV25916,YFL034C-A
AJV25917,YFL034W
AJV25918,YFL033C
AJV25919,YFL030W
AJV25920,YFL029C
AJV25921,YFL028C
AJV25922,YFL027C
AJV25923,YFL026W
AJV25924,YFL025C
AJV25925,YFL024C
AJV25926,YFL023W
AJV25927,YFL022C
AJV25928,YFL021W
AJV25929,YFL020C
AJV25930,YFL018C
AJV25931,YFL017W-A
AJV25932,YFL017C
AJV25933,YFL016C
AJV25934,YFL014W
AJV25935,YFL013C
AJV25936,YFL012W
AJV25937,YFL011W
AJV25939,YFL010C
AJV25940,YFL009W
AJV25941,YFL008W
AJV25942,YFL007W
AJV25943,YFL005W
AJV25944,YFL004W
AJV25945,YFL003C
AJV25946,YFL002C
AJV25947,YFL001W
AJV25948,YFR001W
AJV25949,YFR002W
AJV25950,YFR003C
AJV25951,YFR004W
AJV25952,YFR005C
AJV25953,YFR006W
AJV25954,YFR007W
AJV25955,YFR008W
AJV25956,YFR009W
AJV25957,YFR010W
AJV25958,YFR011C
AJV25960,YFR013W
AJV25961,YFR014C
AJV25962,YFR015C
AJV25963,YFR016C
AJV25964,YFR017C
AJV25965,YFR018C
AJV25966,YFR019W
AJV25967,YFR020W
AJV25968,YFR021W
AJV25969,YFR022W
AJV25970,YFR023W
AJV25971,YFR024C-A
AJV25972,YFR025C
AJV25973,YFR027W
AJV25974,YFR028C
AJV25975,YFR029W
AJV25976,YFR030W
AJV25977,YFR031C
AJV25978,YFR031C-A
AJV25979,YFR032C
AJV25980,YFR032C-A
AJV25982,YFR033C
AJV25983,YFR034C
AJV25984,YFR036W
AJV25985,YFR037C
AJV25986,YFR038W
AJV25987,YFR039C
AJV25988,YFR040W
AJV25989,YFR041C
AJV25990,YFR042W
AJV25991,YFR043C
AJV25992,YFR044C
AJV25993,YFR045W
AJV25994,YFR046C
AJV25995,YFR047C
AJV25996,YFR048W
AJV25997,YFR049W
AJV25998,YFR050C
AJV25999,YFR051C
AJV26000,YFR052W
AJV26001,YFR053C
AJV70214,YLL063C
AJV70215,YLL062C
AJV70216,YLL061W
AJV70217,YLL060C
AJV70218,YLL058W
AJV70219,YLL057C
AJV70220,YLL056C
AJV70221,YLL055W
AJV70222,YLL054C
AJV70223,YLL053C
AJV70224,YLL051C
AJV70225,YLL050C
AJV70226,YLL049W
AJV70227,YLL048C
AJV70228,YLL046C
AJV70229,YLL045C
AJV70230,YLL043W
AJV70231,YLL042C
AJV70232,YLL041C
AJV70233,YLL040C
AJV70234,YLL039C
AJV70235,YLL038C
AJV70236,YLL036C
AJV70237,YLL035W
AJV70238,YLL034C
AJV70239,YLL033W
AJV70240,YLL032C
AJV70241,YLL031C
AJV70242,YLL029W
AJV70243,YLL028W
AJV70244,YLL027W
AJV70245,YLL026W
AJV70246,YLL025W
AJV70247,YLL024C
AJV70248,YLL023C
AJV70249,YLL022C
AJV70250,YLL021W
AJV70251,YLL019C
AJV70252,YLL018C-A
AJV70253,YLL018C
AJV70254,YLL015W
AJV70255,YLL014W
AJV70256,YLL013C
AJV70257,YLL012W
AJV70258,YLL011W
AJV70259,YLL010C
AJV70260,YLL009C
AJV70261,YLL008W
AJV70262,YLL007C
AJV70263,YLL006W
AJV70264,YLL005C
AJV70265,YLL004W
AJV70266,YLL003W
AJV70267,YLL002W
AJV70268,YLL001W
AJV70269,YLR001C
AJV70270,YLR002C
AJV70271,YLR003C
AJV70272,YLR004C
AJV70273,YLR005W
AJV70274,YLR006C
AJV70275,YLR007W
AJV70276,YLR008C
AJV70277,YLR009W
AJV70278,YLR010C
AJV70279,YLR011W
AJV70280,YLR012C
AJV70281,YLR013W
AJV70282,YLR014C
AJV70283,YLR015W
AJV70284,YLR016C
AJV70285,YLR017W
AJV70286,YLR018C
AJV70287,YLR019W
AJV70288,YLR020C
AJV70289,YLR021W
AJV70290,YLR022C
AJV70291,YLR023C
AJV70292,YLR024C
AJV70293,YLR025W
AJV70294,YLR026C
AJV70295,YLR027C
AJV70296,YLR028C
AJV70297,YLR029C
AJV70298,YLR031W
AJV70299,YLR032W
AJV70300,YLR033W
AJV70301,YLR034C
AJV70302,YLR035C
AJV70303,YLR037C
AJV70304,YLR038C
AJV70305,YLR039C
AJV70306,YLR040C
AJV70307,YLR042C
AJV70308,YLR043C
AJV70309,YLR044C
AJV70310,YLR045C
AJV70311,YLR046C
AJV70312,YLR047C
AJV70313,YLR048W
AJV70314,YLR049C
AJV70315,YLR050C
AJV70316,YLR051C
AJV70317,YLR052W
AJV70318,YLR053C
AJV70319,YLR054C
AJV70320,YLR055C
AJV70321,YLR056W
AJV70322,YLR057W
AJV70323,YLR058C
AJV70324,YLR059C
AJV70325,YLR060W
AJV70326,YLR061W
AJV70327,YLR063W
AJV70328,YLR064W
AJV70329,YLR065C
AJV70330,YLR066W
AJV70331,YLR067C
AJV70332,YLR068W
AJV70333,YLR069C
AJV70334,YLR070C
AJV70335,YLR071C
AJV70336,YLR072W
AJV70337,YLR073C
AJV70338,YLR074C
AJV70339,YLR075W
AJV70340,YLR077W
AJV70341,YLR078C
AJV70342,YLR079W
AJV70343,YLR080W
AJV70344,YLR081W
AJV70345,YLR082C
AJV70346,YLR083C
AJV70347,YLR084C
AJV70348,YLR085C
AJV70349,YLR086W
AJV70350,YLR087C
AJV70351,YLR088W
AJV70352,YLR089C
AJV70353,YLR090W
AJV70354,YLR091W
AJV70355,YLR092W
AJV70356,YLR093C
AJV70357,YLR094C
AJV70358,YLR095C
AJV70359,YLR096W
AJV70360,YLR097C
AJV70361,YLR098C
AJV70362,YLR099C
AJV70363,YLR099W-A
AJV70364,YLR100W
AJV70365,YLR102C
AJV70366,YLR103C
AJV70367,YLR104W
AJV70368,YLR105C
AJV70369,YLR106C
AJV70370,YLR107W
AJV70371,YLR108C
AJV70372,YLR109W
AJV70373,YLR110C
AJV70374,YLR113W
AJV70375,YLR114C
AJV70376,YLR115W
AJV70377,YLR116W
AJV70378,YLR117C
AJV70379,YLR118C
AJV70380,YLR120C
AJV70381,YLR121C
AJV70382,YLR127C
AJV70383,YLR128W
AJV70384,YLR129W
AJV70385,YLR130C
AJV70386,YLR131C
AJV70387,YLR132C
AJV70388,YLR133W
AJV70389,YLR134W
AJV70390,YLR135W
AJV70391,YLR136C
AJV70392,YLR137W
AJV70393,YLR138W
AJV70394,YLR139C
AJV70395,YLR141W
AJV70396,YLR142W
AJV70397,YLR144C
AJV70398,YLR145W
AJV70399,YLR146C
AJV70400,YLR147C
AJV70401,YLR148W
AJV70402,YLR150W
AJV70403,YLR151C
AJV70404,YLR153C
AJV70405,YLR154C
AJV70406,YLR162W-A
AJV70407,YLR163C
AJV70408,YLR164W
AJV70409,YLR165C
AJV70410,YLR166C
AJV70411,YLR167W
AJV70412,YLR168C
AJV70413,YLR170C
AJV70414,YLR172C
AJV70415,YLR173W
AJV70416,YLR174W
AJV70417,YLR175W
AJV70418,YLR177W
AJV70419,YLR178C
AJV70420,YLR179C
AJV70421,YLR180W
AJV70422,YLR181C
AJV70423,YLR182W
AJV70424,YLR183C
AJV70425,YLR185W
AJV70426,YLR186W
AJV70427,YLR187W
AJV70428,YLR188W
AJV70429,YLR189C
AJV70430,YLR190W
AJV70431,YLR191W
AJV70432,YLR192C
AJV70433,YLR193C
AJV70434,YLR194C
AJV70435,YLR195C
AJV70436,YLR196W
AJV70437,YLR197W
AJV70438,YLR199C
AJV70439,YLR200W
AJV70440,YLR201C
AJV70441,YLR203C
AJV70442,YLR204W
AJV70443,YLR205C
AJV70444,YLR206W
AJV70445,YLR207W
AJV70446,YLR208W
AJV70447,YLR209C
AJV70448,YLR210W
AJV70449,YLR211C
AJV70450,YLR212C
AJV70451,YLR213C
AJV70452,YLR214W
AJV70453,YLR215C
AJV70454,YLR216C
AJV70455,YLR218C
AJV70456,YLR219W
AJV70457,YLR220W
AJV70458,YLR221C
AJV70459,YLR222C
AJV70460,YLR223C
AJV70461,YLR224W
AJV70462,YLR225C
AJV70463,YLR226W
AJV70464,YLR227C
AJV70465,YLR228C
AJV70466,YLR229C
AJV70467,YLR231C
AJV70468,YLR233C
AJV70469,YLR234W
AJV70470,YLR237W
AJV70471,YLR238W
AJV70472,YLR239C
AJV70473,YLR240W
AJV70474,YLR241W
AJV70475,YLR242C
AJV70476,YLR243W
AJV70477,YLR244C
AJV70478,YLR245C
AJV70479,YLR246W
AJV70480,YLR247C
AJV70481,YLR248W
AJV70482,YLR249W
AJV70483,YLR250W
AJV70484,YLR251W
AJV70485,YLR253W
AJV70486,YLR254C
AJV70487,YLR257W
AJV70488,YLR258W
AJV70489,YLR259C
AJV70490,YLR260W
AJV70491,YLR262C
AJV70493,YLR263W
AJV70494,YLR264W
AJV70496,YLR265C
AJV70497,YLR266C
AJV70498,YLR267W
AJV70499,YLR268W
AJV70500,YLR270W
AJV70501,YLR271W
AJV70502,YLR272C
AJV70503,YLR273C
AJV70504,YLR274W
AJV70505,YLR275W
AJV70506,YLR276C
AJV70507,YLR277C
AJV70508,YLR278C
AJV70509,YLR281C
AJV70510,YLR283W
AJV70511,YLR284C
AJV70512,YLR285W
AJV70514,YLR286C
AJV70515,YLR287C
AJV70516,YLR287C-A
AJV70517,YLR288C
AJV70518,YLR289W
AJV70519,YLR290C
AJV70520,YLR291C
AJV70521,YLR292C
AJV70522,YLR293C
AJV70523,YLR295C
AJV70524,YLR297W
AJV70525,YLR298C
AJV70526,YLR299W
AJV70527,YLR300W
AJV70528,YLR301W
AJV70529,YLR303W
AJV70530,YLR304C
AJV70531,YLR305C
AJV70532,YLR306W
AJV70533,YLR307W
AJV70534,YLR307C-A
AJV70535,YLR308W
AJV70536,YLR309C
AJV70537,YLR310C
AJV70538,YLR312C
AJV70539,YLR312W-A
AJV70540,YLR314C
AJV70541,YLR315W
AJV70542,YLR316C
AJV70543,YLR318W
AJV70544,YLR319C
AJV70545,YLR320W
AJV70546,YLR321C
AJV70547,YLR323C
AJV70548,YLR324W
AJV70549,YLR325C
AJV70550,YLR326W
AJV70551,YLR327C
AJV70552,YLR328W
AJV70553,YLR329W
AJV70554,YLR330W
AJV70555,YLR332W
AJV70556,YLR333C
AJV70557,YLR335W
AJV70558,YLR336C
AJV70559,YLR337C
AJV70560,YLR340W
AJV70561,YLR341W
AJV70562,YLR342W
AJV70563,YLR343W
AJV70564,YLR344W
AJV70565,YLR345W
AJV70566,YLR346C
AJV70567,YLR347C
AJV70568,YLR348C
AJV70569,YLR350W
AJV70570,YLR351C
AJV70571,YLR352W
AJV70572,YLR353W
AJV70573,YLR354C
AJV70574,YLR355C
AJV70575,YLR356W
AJV70576,YLR357W
AJV70578,YLR359W
AJV70579,YLR360W
AJV70580,YLR361C
AJV70581,YLR361C-A
AJV70582,YLR362W
AJV70583,YLR363C
AJV70584,YLR363W-A
AJV70585,YLR364W
AJV70586,YLR367W
AJV70587,YLR368W
AJV70588,YLR369W
AJV70589,YLR370C
AJV70590,YLR371W
AJV70591,YLR372W
AJV70592,YLR373C
AJV70593,YLR375W
AJV70594,YLR376C
AJV70595,YLR377C
AJV70596,YLR378C
AJV70597,YLR380W
AJV70598,YLR381W
AJV70599,YLR382C
AJV70600,YLR383W
AJV70601,YLR384C
AJV70602,YLR385C
AJV70603,YLR386W
AJV70604,YLR387C
AJV70605,YLR388W
AJV70606,YLR389C
AJV70607,YLR390W
AJV70608,YLR390W-A
AJV70609,YLR392C
AJV70610,YLR393W
AJV70611,YLR394W
AJV70612,YLR395C
AJV70613,YLR396C
AJV70614,YLR397C
AJV70615,YLR398C
AJV70616,YLR399C
AJV70617,YLR401C
AJV70618,YLR403W
AJV70619,YLR404W
AJV70620,YLR405W
AJV70621,YLR406C
AJV70622,YLR407W
AJV70623,YLR409C
AJV70624,YLR410W
AJV70625,YLR411W
AJV70626,YLR412W
AJV70627,YLR413W
AJV70628,YLR414C
AJV70630,YLR417W
AJV70631,YLR418C
AJV70632,YLR419W
AJV70633,YLR420W
AJV70634,YLR421C
AJV70635,YLR422W
AJV70636,YLR423C
AJV70637,YLR424W
AJV70638,YLR425W
AJV70639,YLR426W
AJV70640,YLR427W
AJV70641,YLR429W
AJV70642,YLR430W
AJV70643,YLR431C
AJV70644,YLR432W
AJV70645,YLR433C
AJV70646,YLR435W
AJV70647,YLR436C
AJV70648,YLR437C
AJV70649,YLR438W
AJV70650,YLR438C-A
AJV70651,YLR440C
AJV70652,YLR441C
AJV70653,YLR442C
AJV70654,YLR443W
AJV70655,YLR445W
AJV70656,YLR446W
AJV70657,YLR447C
AJV70658,YLR448W
AJV70659,YLR449W
AJV70660,YLR450W
AJV70661,YLR451W
AJV70662,YLR452C
AJV70663,YLR453C
AJV70664,YLR454W
AJV70665,YLR455W
AJV70666,YLR456W
AJV70667,YLR457C
AJV70668,YLR459W
AJV94134,YPL273W
AJV94135,YPL272C
AJV94136,YPL271W
AJV94137,YPL270W
AJV94138,YPL269W
AJV94139,YPL268W
AJV94140,YPL267W
AJV94141,YPL266W
AJV94142,YPL265W
AJV94143,YPL264C
AJV94144,YPL263C
AJV94145,YPL262W
AJV94146,YPL260W
AJV94147,YPL259C
AJV94148,YPL258C
AJV94149,YPL256C
AJV94150,YPL254W
AJV94151,YPL253C
AJV94152,YPL252C
AJV94153,YPL250C
AJV94154,YPL249C-A
AJV94155,YPL249C
AJV94156,YPL248C
AJV94157,YPL247C
AJV94158,YPL246C
AJV94159,YPL245W
AJV94160,YPL244C
AJV94161,YPL243W
AJV94162,YPL242C
AJV94163,YPL241C
AJV94164,YPL240C
AJV94165,YPL239W
AJV94166,YPL237W
AJV94167,YPL236C
AJV94168,YPL235W
AJV94169,YPL234C
AJV94170,YPL233W
AJV94171,YPL232W
AJV94172,YPL231W
AJV94173,YPL230W
AJV94174,YPL229W
AJV94175,YPL228W
AJV94176,YPL227C
AJV94177,YPL226W
AJV94178,YPL225W
AJV94179,YPL224C
AJV94180,YPL223C
AJV94181,YPL222W
AJV94182,YPL221W
AJV94183,YPL220W
AJV94184,YPL219W
AJV94185,YPL218W
AJV94186,YPL217C
AJV94187,YPL216W
AJV94188,YPL215W
AJV94189,YPL214C
AJV94190,YPL213W
AJV94191,YPL212C
AJV94192,YPL211W
AJV94193,YPL210C
AJV94194,YPL209C
AJV94195,YPL208W
AJV94196,YPL207W
AJV94197,YPL206C
AJV94198,YPL204W
AJV94199,YPL203W
AJV94200,YPL202C
AJV94201,YPL201C
AJV94202,YPL200W
AJV94203,YPL199C
AJV94204,YPL198W
AJV94205,YPL196W
AJV94206,YPL195W
AJV94207,YPL194W
AJV94208,YPL193W
AJV94209,YPL192C
AJV94210,YPL191C
AJV94211,YPL190C
AJV94212,YPL189C-A
AJV94213,YPL189W
AJV94214,YPL188W
AJV94215,YPL187W
AJV94216,YPL186C
AJV94217,YPL184C
AJV94218,YPL183W-A
AJV94219,YPL183C
AJV94220,YPL181W
AJV94221,YPL180W
AJV94222,YPL179W
AJV94223,YPL178W
AJV94224,YPL177C
AJV94225,YPL176C
AJV94226,YPL175W
AJV94227,YPL174C
AJV94228,YPL173W
AJV94229,YPL172C
AJV94230,YPL171C
AJV94231,YPL170W
AJV94232,YPL169C
AJV94233,YPL168W
AJV94234,YPL167C
AJV94235,YPL166W
AJV94236,YPL165C
AJV94237,YPL164C
AJV94239,YPL162C
AJV94240,YPL161C
AJV94241,YPL160W
AJV94242,YPL159C
AJV94243,YPL158C
AJV94244,YPL157W
AJV94245,YPL156C
AJV94246,YPL155C
AJV94247,YPL154C
AJV94248,YPL153C
AJV94250,YPL152W
AJV94251,YPL151C
AJV94252,YPL150W
AJV94253,YPL149W
AJV94254,YPL148C
AJV94255,YPL147W
AJV94256,YPL146C
AJV94257,YPL145C
AJV94258,YPL144W
AJV94259,YPL143W
AJV94260,YPL141C
AJV94261,YPL140C
AJV94262,YPL139C
AJV94263,YPL138C
AJV94264,YPL137C
AJV94265,YPL135W
AJV94266,YPL134C
AJV94267,YPL133C
AJV94268,YPL132W
AJV94269,YPL131W
AJV94270,YPL130W
AJV94271,YPL129W
AJV94272,YPL128C
AJV94273,YPL127C
AJV94274,YPL126W
AJV94275,YPL125W
AJV94276,YPL124W
AJV94277,YPL123C
AJV94278,YPL122C
AJV94279,YPL121C
AJV94280,YPL120W
AJV94281,YPL119C
AJV94282,YPL118W
AJV94283,YPL117C
AJV94284,YPL116W
AJV94285,YPL115C
AJV94286,YPL113C
AJV94287,YPL112C
AJV94288,YPL111W
AJV94289,YPL110C
AJV94290,YPL109C
AJV94291,YPL108W
AJV94292,YPL107W
AJV94293,YPL106C
AJV94294,YPL105C
AJV94295,YPL104W
AJV94296,YPL103C
AJV94297,YPL101W
AJV94298,YPL100W
AJV94299,YPL099C
AJV94300,YPL098C
AJV94301,YPL097W
AJV94302,YPL096C-A
AJV94303,YPL096W
AJV94304,YPL095C
AJV94305,YPL094C
AJV94306,YPL093W
AJV94307,YPL092W
AJV94308,YPL091W
AJV94309,YPL089C
AJV94310,YPL088W
AJV94311,YPL087W
AJV94312,YPL086C
AJV94313,YPL085W
AJV94314,YPL084W
AJV94315,YPL083C
AJV94316,YPL082C
AJV94317,YPL081W
AJV94318,YPL079W
AJV94319,YPL078C
AJV94320,YPL077C
AJV94321,YPL076W
AJV94322,YPL075W
AJV94323,YPL074W
AJV94324,YPL072W
AJV94325,YPL071C
AJV94326,YPL070W
AJV94327,YPL069C
AJV94328,YPL068C
AJV94329,YPL067C
AJV94330,YPL066W
AJV94331,YPL065W
AJV94332,YPL064C
AJV94333,YPL063W
AJV94334,YPL061W
AJV94335,YPL060W
AJV94336,YPL059W
AJV94337,YPL058C
AJV94338,YPL057C
AJV94339,YPL055C
AJV94340,YPL054W
AJV94341,YPL053C
AJV94342,YPL052W
AJV94343,YPL051W
AJV94344,YPL050C
AJV94345,YPL049C
AJV94346,YPL048W
AJV94347,YPL047W
AJV94348,YPL046C
AJV94349,YPL045W
AJV94350,YPL043W
AJV94351,YPL042C
AJV94352,YPL041C
AJV94353,YPL040C
AJV94354,YPL039W
AJV94355,YPL038W
AJV94356,YPL037C
AJV94357,YPL036W
AJV94358,YPL034W
AJV94359,YPL033C
AJV94360,YPL032C
AJV94361,YPL031C
AJV94362,YPL030W
AJV94363,YPL029W
AJV94364,YPL028W
AJV94365,YPL027W
AJV94366,YPL026C
AJV94367,YPL024W
AJV94368,YPL023C
AJV94369,YPL022W
AJV94370,YPL021W
AJV94371,YPL020C
AJV94372,YPL019C
AJV94373,YPL018W
AJV94374,YPL017C
AJV94375,YPL016W
AJV94376,YPL015C
AJV94377,YPL014W
AJV94378,YPL013C
AJV94379,YPL012W
AJV94380,YPL011C
AJV94381,YPL010W
AJV94382,YPL009C
AJV94383,YPL008W
AJV94384,YPL007C
AJV94385,YPL006W
AJV94386,YPL005W
AJV94387,YPL004C
AJV94388,YPL003W
AJV94389,YPL002C
AJV94390,YPL001W
AJV94391,YPR001W
AJV94392,YPR002W
AJV94393,YPR003C
AJV94394,YPR005C
AJV94395,YPR006C
AJV94396,YPR007C
AJV94397,YPR008W
AJV94398,YPR009W
AJV94399,YPR010C
AJV94400,YPR010C-A
AJV94401,YPR011C
AJV94402,YPR013C
AJV94403,YPR015C
AJV94404,YPR016C
AJV94405,YPR017C
AJV94406,YPR018W
AJV94407,YPR019W
AJV94408,YPR020W
AJV94409,YPR021C
AJV94410,YPR022C
AJV94411,YPR023C
AJV94412,YPR024W
AJV94413,YPR025C
AJV94414,YPR026W
AJV94415,YPR027C
AJV94416,YPR028W
AJV94417,YPR029C
AJV94418,YPR030W
AJV94419,YPR031W
AJV94420,YPR032W
AJV94421,YPR033C
AJV94422,YPR034W
AJV94423,YPR035W
AJV94424,YPR036W
AJV94425,YPR036W-A
AJV94426,YPR037C
AJV94427,YPR040W
AJV94428,YPR041W
AJV94429,YPR042C
AJV94430,YPR043W
AJV94431,YPR045C
AJV94432,YPR046W
AJV94433,YPR047W
AJV94434,YPR048W
AJV94435,YPR049C
AJV94436,YPR051W
AJV94437,YPR052C
AJV94438,YPR054W
AJV94439,YPR055W
AJV94440,YPR056W
AJV94441,YPR057W
AJV94442,YPR058W
AJV94443,YPR060C
AJV94444,YPR061C
AJV94445,YPR062W
AJV94446,YPR063C
AJV94447,YPR065W
AJV94448,YPR066W
AJV94449,YPR067W
AJV94450,YPR068C
AJV94451,YPR069C
AJV94452,YPR070W
AJV94453,YPR071W
AJV94454,YPR072W
AJV94455,YPR073C
AJV94456,YPR074C
AJV94457,YPR075C
AJV94458,YPR078C
AJV94459,YPR079W
AJV94460,YPR080W
AJV94461,YPR081C
AJV94462,YPR082C
AJV94463,YPR083W
AJV94464,YPR084W
AJV94465,YPR085C
AJV94466,YPR086W
AJV94467,YPR088C
AJV94468,YPR089W
AJV94469,YPR091C
AJV94470,YPR093C
AJV94471,YPR094W
AJV94472,YPR095C
AJV94473,YPR097W
AJV94474,YPR098C
AJV94475,YPR100W
AJV94476,YPR101W
AJV94477,YPR102C
AJV94478,YPR103W
AJV94479,YPR104C
AJV94480,YPR105C
AJV94481,YPR106W
AJV94482,YPR107C
AJV94483,YPR108W
AJV94485,YPR109W
AJV94486,YPR110C
AJV94487,YPR111W
AJV94488,YPR112C
AJV94489,YPR113W
AJV94490,YPR114W
AJV94491,YPR115W
AJV94492,YPR116W
AJV94493,YPR117W
AJV94494,YPR118W
AJV94495,YPR119W
AJV94496,YPR120C
AJV94497,YPR121W
AJV94498,YPR122W
AJV94499,YPR124W
AJV94500,YPR125W
AJV94501,YPR127W
AJV94502,YPR128C
AJV94503,YPR129W
AJV94504,YPR131C
AJV94505,YPR132W
AJV94506,YPR133C
AJV94507,YPR133W-A
AJV94508,YPR134W
AJV94509,YPR135W
AJV94510,YPR137W
AJV94511,YPR138C
AJV94512,YPR139C
AJV94513,YPR140W
AJV94514,YPR141C
AJV94515,YPR143W
AJV94516,YPR144C
AJV94517,YPR145W
AJV94518,YPR145C-A
AJV94519,YPR147C
AJV94520,YPR148C
AJV94521,YPR149W
AJV94522,YPR151C
AJV94523,YPR152C
AJV94524,YPR153W
AJV94525,YPR154W
AJV94526,YPR155C
AJV94527,YPR156C
AJV94528,YPR157W
AJV94529,YPR158W
AJV94530,YPR159W
AJV94532,YPR160W
AJV94533,YPR161C
AJV94534,YPR162C
AJV94535,YPR163C
AJV94536,YPR164W
AJV94537,YPR165W
AJV94538,YPR166C
AJV94539,YPR167C
AJV94540,YPR168W
AJV94541,YPR169W
AJV94542,YPR170W-B
AJV94543,YPR171W
AJV94544,YPR172W
AJV94545,YPR173C
AJV94546,YPR174C
AJV94547,YPR175W
AJV94548,YPR176C
AJV94549,YPR178W
AJV94550,YPR179C
AJV94551,YPR180W
AJV94552,YPR181C
AJV94553,YPR182W
AJV94554,YPR183W
AJV94555,YPR184W
AJV94556,YPR185W
AJV94557,YPR186C
AJV94558,YPR187W
AJV94559,YPR188C
AJV94560,YPR189W
AJV94561,YPR190C
AJV94562,YPR191W
AJV94563,YPR192W
AJV94564,YPR193C
AJV94565,YPR194C
AJV94566,YPR196W
AJV94567,YPR198W
AJV94568,YPR199C
AJV94569,YPR200C
AJV94570,YPR201W
